Unnamed: 0,PDB,MUT,DDG
0,TA41A,M1A,-1
1,TA41A,M1C,0
2,TA41A,M1D,1
3,TA41A,M1E,2
4,TA41A,M1F,3
5,TA41A,M1G,4
6,TA41A,M1H,5
7,TA41A,M1I,6
8,TA41A,M1K,7
9,TA41A,M1L,8
10,TA41A,M1N,9
11,TA41A,M1P,10
12,TA41A,M1Q,11
13,TA41A,M1R,12
14,TA41A,M1S,13
15,TA41A,M1T,14
16,TA41A,M1V,15
17,TA41A,M1W,16
18,TA41A,M1Y,17
19,TA41A,S2A,18
20,TA41A,S2C,19
21,TA41A,S2D,20
22,TA41A,S2E,21
23,TA41A,S2F,22
24,TA41A,S2G,23
25,TA41A,S2H,24
26,TA41A,S2I,25
27,TA41A,S2K,26
28,TA41A,S2L,27
29,TA41A,S2M,28
30,TA41A,S2N,29
31,TA41A,S2P,30
32,TA41A,S2Q,31
33,TA41A,S2R,32
34,TA41A,S2T,33
35,TA41A,S2V,34
36,TA41A,S2W,35
37,TA41A,S2Y,36
38,TA41A,S3A,37
39,TA41A,S3C,38
40,TA41A,S3D,39
41,TA41A,S3E,40
42,TA41A,S3F,41
43,TA41A,S3G,42
44,TA41A,S3H,43
45,TA41A,S3I,44
46,TA41A,S3K,45
47,TA41A,S3L,46
48,TA41A,S3M,47
49,TA41A,S3N,48
50,TA41A,S3P,49
51,TA41A,S3Q,50
52,TA41A,S3R,51
53,TA41A,S3T,52
54,TA41A,S3V,53
55,TA41A,S3W,54
56,TA41A,S3Y,55
57,TA41A,M4A,56
58,TA41A,M4C,57
59,TA41A,M4D,58
60,TA41A,M4E,59
61,TA41A,M4F,60
62,TA41A,M4G,61
63,TA41A,M4H,62
64,TA41A,M4I,63
65,TA41A,M4K,64
66,TA41A,M4L,65
67,TA41A,M4N,66
68,TA41A,M4P,67
69,TA41A,M4Q,68
70,TA41A,M4R,69
71,TA41A,M4S,70
72,TA41A,M4T,71
73,TA41A,M4V,72
74,TA41A,M4W,73
75,TA41A,M4Y,74
76,TA41A,E5A,75
77,TA41A,E5C,76
78,TA41A,E5D,77
79,TA41A,E5F,78
80,TA41A,E5G,79
81,TA41A,E5H,80
82,TA41A,E5I,81
83,TA41A,E5K,82
84,TA41A,E5L,83
85,TA41A,E5M,84
86,TA41A,E5N,85
87,TA41A,E5P,86
88,TA41A,E5Q,87
89,TA41A,E5R,88
90,TA41A,E5S,89
91,TA41A,E5T,90
92,TA41A,E5V,91
93,TA41A,E5W,92
94,TA41A,E5Y,93
95,TA41A,A6C,94
96,TA41A,A6D,95
97,TA41A,A6E,96
98,TA41A,A6F,97
99,TA41A,A6G,98
100,TA41A,A6H,99
101,TA41A,A6I,100
102,TA41A,A6K,101
103,TA41A,A6L,102
104,TA41A,A6M,103
105,TA41A,A6N,104
106,TA41A,A6P,105
107,TA41A,A6Q,106
108,TA41A,A6R,107
109,TA41A,A6S,108
110,TA41A,A6T,109
111,TA41A,A6V,110
112,TA41A,A6W,111
113,TA41A,A6Y,112
114,TA41A,V7A,113
115,TA41A,V7C,114
116,TA41A,V7D,115
117,TA41A,V7E,116
118,TA41A,V7F,117
119,TA41A,V7G,118
120,TA41A,V7H,119
121,TA41A,V7I,120
122,TA41A,V7K,121
123,TA41A,V7L,122
124,TA41A,V7M,123
125,TA41A,V7N,124
126,TA41A,V7P,125
127,TA41A,V7Q,126
128,TA41A,V7R,127
129,TA41A,V7S,128
130,TA41A,V7T,129
131,TA41A,V7W,130
132,TA41A,V7Y,131
133,TA41A,F8A,132
134,TA41A,F8C,133
135,TA41A,F8D,134
136,TA41A,F8E,135
137,TA41A,F8G,136
138,TA41A,F8H,137
139,TA41A,F8I,138
140,TA41A,F8K,139
141,TA41A,F8L,140
142,TA41A,F8M,141
143,TA41A,F8N,142
144,TA41A,F8P,143
145,TA41A,F8Q,144
146,TA41A,F8R,145
147,TA41A,F8S,146
148,TA41A,F8T,147
149,TA41A,F8V,148
150,TA41A,F8W,149
151,TA41A,F8Y,150
152,TA41A,A9C,151
153,TA41A,A9D,152
154,TA41A,A9E,153
155,TA41A,A9F,154
156,TA41A,A9G,155
157,TA41A,A9H,156
158,TA41A,A9I,157
159,TA41A,A9K,158
160,TA41A,A9L,159
161,TA41A,A9M,160
162,TA41A,A9N,161
163,TA41A,A9P,162
164,TA41A,A9Q,163
165,TA41A,A9R,164
166,TA41A,A9S,165
167,TA41A,A9T,166
168,TA41A,A9V,167
169,TA41A,A9W,168
170,TA41A,A9Y,169
171,TA41A,G10A,170
172,TA41A,G10C,171
173,TA41A,G10D,172
174,TA41A,G10E,173
175,TA41A,G10F,174
176,TA41A,G10H,175
177,TA41A,G10I,176
178,TA41A,G10K,177
179,TA41A,G10L,178
180,TA41A,G10M,179
181,TA41A,G10N,180
182,TA41A,G10P,181
183,TA41A,G10Q,182
184,TA41A,G10R,183
185,TA41A,G10S,184
186,TA41A,G10T,185
187,TA41A,G10V,186
188,TA41A,G10W,187
189,TA41A,G10Y,188
190,TA41A,Y11A,189
191,TA41A,Y11C,190
192,TA41A,Y11D,191
193,TA41A,Y11E,192
194,TA41A,Y11F,193
195,TA41A,Y11G,194
196,TA41A,Y11H,195
197,TA41A,Y11I,196
198,TA41A,Y11K,197
199,TA41A,Y11L,198
200,TA41A,Y11M,199
201,TA41A,Y11N,200
202,TA41A,Y11P,201
203,TA41A,Y11Q,202
204,TA41A,Y11R,203
205,TA41A,Y11S,204
206,TA41A,Y11T,205
207,TA41A,Y11V,206
208,TA41A,Y11W,207
209,TA41A,Q12A,208
210,TA41A,Q12C,209
211,TA41A,Q12D,210
212,TA41A,Q12E,211
213,TA41A,Q12F,212
214,TA41A,Q12G,213
215,TA41A,Q12H,214
216,TA41A,Q12I,215
217,TA41A,Q12K,216
218,TA41A,Q12L,217
219,TA41A,Q12M,218
220,TA41A,Q12N,219
221,TA41A,Q12P,220
222,TA41A,Q12R,221
223,TA41A,Q12S,222
224,TA41A,Q12T,223
225,TA41A,Q12V,224
226,TA41A,Q12W,225
227,TA41A,Q12Y,226
228,TA41A,T13A,227
229,TA41A,T13C,228
230,TA41A,T13D,229
231,TA41A,T13E,230
232,TA41A,T13F,231
233,TA41A,T13G,232
234,TA41A,T13H,233
235,TA41A,T13I,234
236,TA41A,T13K,235
237,TA41A,T13L,236
238,TA41A,T13M,237
239,TA41A,T13N,238
240,TA41A,T13P,239
241,TA41A,T13Q,240
242,TA41A,T13R,241
243,TA41A,T13S,242
244,TA41A,T13V,243
245,TA41A,T13W,244
246,TA41A,T13Y,245
247,TA41A,R14A,246
248,TA41A,R14C,247
249,TA41A,R14D,248
250,TA41A,R14E,249
251,TA41A,R14F,250
252,TA41A,R14G,251
253,TA41A,R14H,252
254,TA41A,R14I,253
255,TA41A,R14K,254
256,TA41A,R14L,255
257,TA41A,R14M,256
258,TA41A,R14N,257
259,TA41A,R14P,258
260,TA41A,R14Q,259
261,TA41A,R14S,260
262,TA41A,R14T,261
263,TA41A,R14V,262
264,TA41A,R14W,263
265,TA41A,R14Y,264
266,TA41A,L15A,265
267,TA41A,L15C,266
268,TA41A,L15D,267
269,TA41A,L15E,268
270,TA41A,L15F,269
271,TA41A,L15G,270
272,TA41A,L15H,271
273,TA41A,L15I,272
274,TA41A,L15K,273
275,TA41A,L15M,274
276,TA41A,L15N,275
277,TA41A,L15P,276
278,TA41A,L15Q,277
279,TA41A,L15R,278
280,TA41A,L15S,279
281,TA41A,L15T,280
282,TA41A,L15V,281
283,TA41A,L15W,282
284,TA41A,L15Y,283
285,TA41A,E16A,284
286,TA41A,E16C,285
287,TA41A,E16D,286
288,TA41A,E16F,287
289,TA41A,E16G,288
290,TA41A,E16H,289
291,TA41A,E16I,290
292,TA41A,E16K,291
293,TA41A,E16L,292
294,TA41A,E16M,293
295,TA41A,E16N,294
296,TA41A,E16P,295
297,TA41A,E16Q,296
298,TA41A,E16R,297
299,TA41A,E16S,298
300,TA41A,E16T,299
301,TA41A,E16V,300
302,TA41A,E16W,301
303,TA41A,E16Y,302
304,TA41A,A17C,303
305,TA41A,A17D,304
306,TA41A,A17E,305
307,TA41A,A17F,306
308,TA41A,A17G,307
309,TA41A,A17H,308
310,TA41A,A17I,309
311,TA41A,A17K,310
312,TA41A,A17L,311
313,TA41A,A17M,312
314,TA41A,A17N,313
315,TA41A,A17P,314
316,TA41A,A17Q,315
317,TA41A,A17R,316
318,TA41A,A17S,317
319,TA41A,A17T,318
320,TA41A,A17V,319
321,TA41A,A17W,320
322,TA41A,A17Y,321
323,TA41A,L18A,322
324,TA41A,L18C,323
325,TA41A,L18D,324
326,TA41A,L18E,325
327,TA41A,L18F,326
328,TA41A,L18G,327
329,TA41A,L18H,328
330,TA41A,L18I,329
331,TA41A,L18K,330
332,TA41A,L18M,331
333,TA41A,L18N,332
334,TA41A,L18P,333
335,TA41A,L18Q,334
336,TA41A,L18R,335
337,TA41A,L18S,336
338,TA41A,L18T,337
339,TA41A,L18V,338
340,TA41A,L18W,339
341,TA41A,L18Y,340
342,TA41A,K19A,341
343,TA41A,K19C,342
344,TA41A,K19D,343
345,TA41A,K19E,344
346,TA41A,K19F,345
347,TA41A,K19G,346
348,TA41A,K19H,347
349,TA41A,K19I,348
350,TA41A,K19L,349
351,TA41A,K19M,350
352,TA41A,K19N,351
353,TA41A,K19P,352
354,TA41A,K19Q,353
355,TA41A,K19R,354
356,TA41A,K19S,355
357,TA41A,K19T,356
358,TA41A,K19V,357
359,TA41A,K19W,358
360,TA41A,K19Y,359
361,TA41A,A20C,360
362,TA41A,A20D,361
363,TA41A,A20E,362
364,TA41A,A20F,363
365,TA41A,A20G,364
366,TA41A,A20H,365
367,TA41A,A20I,366
368,TA41A,A20K,367
369,TA41A,A20L,368
370,TA41A,A20M,369
371,TA41A,A20N,370
372,TA41A,A20P,371
373,TA41A,A20Q,372
374,TA41A,A20R,373
375,TA41A,A20S,374
376,TA41A,A20T,375
377,TA41A,A20V,376
378,TA41A,A20W,377
379,TA41A,A20Y,378
380,TA41A,S21A,379
381,TA41A,S21C,380
382,TA41A,S21D,381
383,TA41A,S21E,382
384,TA41A,S21F,383
385,TA41A,S21G,384
386,TA41A,S21H,385
387,TA41A,S21I,386
388,TA41A,S21K,387
389,TA41A,S21L,388
390,TA41A,S21M,389
391,TA41A,S21N,390
392,TA41A,S21P,391
393,TA41A,S21Q,392
394,TA41A,S21R,393
395,TA41A,S21T,394
396,TA41A,S21V,395
397,TA41A,S21W,396
398,TA41A,S21Y,397
399,TA41A,D22A,398
400,TA41A,D22C,399
401,TA41A,D22E,400
402,TA41A,D22F,401
403,TA41A,D22G,402
404,TA41A,D22H,403
405,TA41A,D22I,404
406,TA41A,D22K,405
407,TA41A,D22L,406
408,TA41A,D22M,407
409,TA41A,D22N,408
410,TA41A,D22P,409
411,TA41A,D22Q,410
412,TA41A,D22R,411
413,TA41A,D22S,412
414,TA41A,D22T,413
415,TA41A,D22V,414
416,TA41A,D22W,415
417,TA41A,D22Y,416
418,TA41A,N23A,417
419,TA41A,N23C,418
420,TA41A,N23D,419
421,TA41A,N23E,420
422,TA41A,N23F,421
423,TA41A,N23G,422
424,TA41A,N23H,423
425,TA41A,N23I,424
426,TA41A,N23K,425
427,TA41A,N23L,426
428,TA41A,N23M,427
429,TA41A,N23P,428
430,TA41A,N23Q,429
431,TA41A,N23R,430
432,TA41A,N23S,431
433,TA41A,N23T,432
434,TA41A,N23V,433
435,TA41A,N23W,434
436,TA41A,N23Y,435
437,TA41A,P24A,436
438,TA41A,P24C,437
439,TA41A,P24D,438
440,TA41A,P24E,439
441,TA41A,P24F,440
442,TA41A,P24G,441
443,TA41A,P24H,442
444,TA41A,P24I,443
445,TA41A,P24K,444
446,TA41A,P24L,445
447,TA41A,P24M,446
448,TA41A,P24N,447
449,TA41A,P24Q,448
450,TA41A,P24R,449
451,TA41A,P24S,450
452,TA41A,P24T,451
453,TA41A,P24V,452
454,TA41A,P24W,453
455,TA41A,P24Y,454
456,TA41A,F25A,455
457,TA41A,F25C,456
458,TA41A,F25D,457
459,TA41A,F25E,458
460,TA41A,F25G,459
461,TA41A,F25H,460
462,TA41A,F25I,461
463,TA41A,F25K,462
464,TA41A,F25L,463
465,TA41A,F25M,464
466,TA41A,F25N,465
467,TA41A,F25P,466
468,TA41A,F25Q,467
469,TA41A,F25R,468
470,TA41A,F25S,469
471,TA41A,F25T,470
472,TA41A,F25V,471
473,TA41A,F25W,472
474,TA41A,F25Y,473
475,TA41A,A26C,474
476,TA41A,A26D,475
477,TA41A,A26E,476
478,TA41A,A26F,477
479,TA41A,A26G,478
480,TA41A,A26H,479
481,TA41A,A26I,480
482,TA41A,A26K,481
483,TA41A,A26L,482
484,TA41A,A26M,483
485,TA41A,A26N,484
486,TA41A,A26P,485
487,TA41A,A26Q,486
488,TA41A,A26R,487
489,TA41A,A26S,488
490,TA41A,A26T,489
491,TA41A,A26V,490
492,TA41A,A26W,491
493,TA41A,A26Y,492
494,TA41A,A27C,493
495,TA41A,A27D,494
496,TA41A,A27E,495
497,TA41A,A27F,496
498,TA41A,A27G,497
499,TA41A,A27H,498
500,TA41A,A27I,499
501,TA41A,A27K,500
502,TA41A,A27L,501
503,TA41A,A27M,502
504,TA41A,A27N,503
505,TA41A,A27P,504
506,TA41A,A27Q,505
507,TA41A,A27R,506
508,TA41A,A27S,507
509,TA41A,A27T,508
510,TA41A,A27V,509
511,TA41A,A27W,510
512,TA41A,A27Y,511
513,TA41A,G28A,512
514,TA41A,G28C,513
515,TA41A,G28D,514
516,TA41A,G28E,515
517,TA41A,G28F,516
518,TA41A,G28H,517
519,TA41A,G28I,518
520,TA41A,G28K,519
521,TA41A,G28L,520
522,TA41A,G28M,521
523,TA41A,G28N,522
524,TA41A,G28P,523
525,TA41A,G28Q,524
526,TA41A,G28R,525
527,TA41A,G28S,526
528,TA41A,G28T,527
529,TA41A,G28V,528
530,TA41A,G28W,529
531,TA41A,G28Y,530
532,TA41A,I29A,531
533,TA41A,I29C,532
534,TA41A,I29D,533
535,TA41A,I29E,534
536,TA41A,I29F,535
537,TA41A,I29G,536
538,TA41A,I29H,537
539,TA41A,I29K,538
540,TA41A,I29L,539
541,TA41A,I29M,540
542,TA41A,I29N,541
543,TA41A,I29P,542
544,TA41A,I29Q,543
545,TA41A,I29R,544
546,TA41A,I29S,545
547,TA41A,I29T,546
548,TA41A,I29V,547
549,TA41A,I29W,548
550,TA41A,I29Y,549
551,TA41A,A30C,550
552,TA41A,A30D,551
553,TA41A,A30E,552
554,TA41A,A30F,553
555,TA41A,A30G,554
556,TA41A,A30H,555
557,TA41A,A30I,556
558,TA41A,A30K,557
559,TA41A,A30L,558
560,TA41A,A30M,559
561,TA41A,A30N,560
562,TA41A,A30P,561
563,TA41A,A30Q,562
564,TA41A,A30R,563
565,TA41A,A30S,564
566,TA41A,A30T,565
567,TA41A,A30V,566
568,TA41A,A30W,567
569,TA41A,A30Y,568
570,TA41A,W31A,569
571,TA41A,W31C,570
572,TA41A,W31D,571
573,TA41A,W31E,572
574,TA41A,W31F,573
575,TA41A,W31G,574
576,TA41A,W31H,575
577,TA41A,W31I,576
578,TA41A,W31K,577
579,TA41A,W31L,578
580,TA41A,W31M,579
581,TA41A,W31N,580
582,TA41A,W31P,581
583,TA41A,W31Q,582
584,TA41A,W31R,583
585,TA41A,W31S,584
586,TA41A,W31T,585
587,TA41A,W31V,586
588,TA41A,W31Y,587
589,TA41A,V32A,588
590,TA41A,V32C,589
591,TA41A,V32D,590
592,TA41A,V32E,591
593,TA41A,V32F,592
594,TA41A,V32G,593
595,TA41A,V32H,594
596,TA41A,V32I,595
597,TA41A,V32K,596
598,TA41A,V32L,597
599,TA41A,V32M,598
600,TA41A,V32N,599
601,TA41A,V32P,600
602,TA41A,V32Q,601
603,TA41A,V32R,602
604,TA41A,V32S,603
605,TA41A,V32T,604
606,TA41A,V32W,605
607,TA41A,V32Y,606
608,TA41A,A33C,607
609,TA41A,A33D,608
610,TA41A,A33E,609
611,TA41A,A33F,610
612,TA41A,A33G,611
613,TA41A,A33H,612
614,TA41A,A33I,613
615,TA41A,A33K,614
616,TA41A,A33L,615
617,TA41A,A33M,616
618,TA41A,A33N,617
619,TA41A,A33P,618
620,TA41A,A33Q,619
621,TA41A,A33R,620
622,TA41A,A33S,621
623,TA41A,A33T,622
624,TA41A,A33V,623
625,TA41A,A33W,624
626,TA41A,A33Y,625
627,TA41A,G34A,626
628,TA41A,G34C,627
629,TA41A,G34D,628
630,TA41A,G34E,629
631,TA41A,G34F,630
632,TA41A,G34H,631
633,TA41A,G34I,632
634,TA41A,G34K,633
635,TA41A,G34L,634
636,TA41A,G34M,635
637,TA41A,G34N,636
638,TA41A,G34P,637
639,TA41A,G34Q,638
640,TA41A,G34R,639
641,TA41A,G34S,640
642,TA41A,G34T,641
643,TA41A,G34V,642
644,TA41A,G34W,643
645,TA41A,G34Y,644
646,TA41A,E35A,645
647,TA41A,E35C,646
648,TA41A,E35D,647
649,TA41A,E35F,648
650,TA41A,E35G,649
651,TA41A,E35H,650
652,TA41A,E35I,651
653,TA41A,E35K,652
654,TA41A,E35L,653
655,TA41A,E35M,654
656,TA41A,E35N,655
657,TA41A,E35P,656
658,TA41A,E35Q,657
659,TA41A,E35R,658
660,TA41A,E35S,659
661,TA41A,E35T,660
662,TA41A,E35V,661
663,TA41A,E35W,662
664,TA41A,E35Y,663
665,TA41A,L36A,664
666,TA41A,L36C,665
667,TA41A,L36D,666
668,TA41A,L36E,667
669,TA41A,L36F,668
670,TA41A,L36G,669
671,TA41A,L36H,670
672,TA41A,L36I,671
673,TA41A,L36K,672
674,TA41A,L36M,673
675,TA41A,L36N,674
676,TA41A,L36P,675
677,TA41A,L36Q,676
678,TA41A,L36R,677
679,TA41A,L36S,678
680,TA41A,L36T,679
681,TA41A,L36V,680
682,TA41A,L36W,681
683,TA41A,L36Y,682
684,TA41A,T37A,683
685,TA41A,T37C,684
686,TA41A,T37D,685
687,TA41A,T37E,686
688,TA41A,T37F,687
689,TA41A,T37G,688
690,TA41A,T37H,689
691,TA41A,T37I,690
692,TA41A,T37K,691
693,TA41A,T37L,692
694,TA41A,T37M,693
695,TA41A,T37N,694
696,TA41A,T37P,695
697,TA41A,T37Q,696
698,TA41A,T37R,697
699,TA41A,T37S,698
700,TA41A,T37V,699
701,TA41A,T37W,700
702,TA41A,T37Y,701
703,TA41A,P38A,702
704,TA41A,P38C,703
705,TA41A,P38D,704
706,TA41A,P38E,705
707,TA41A,P38F,706
708,TA41A,P38G,707
709,TA41A,P38H,708
710,TA41A,P38I,709
711,TA41A,P38K,710
712,TA41A,P38L,711
713,TA41A,P38M,712
714,TA41A,P38N,713
715,TA41A,P38Q,714
716,TA41A,P38R,715
717,TA41A,P38S,716
718,TA41A,P38T,717
719,TA41A,P38V,718
720,TA41A,P38W,719
721,TA41A,P38Y,720
722,TA41A,L39A,721
723,TA41A,L39C,722
724,TA41A,L39D,723
725,TA41A,L39E,724
726,TA41A,L39F,725
727,TA41A,L39G,726
728,TA41A,L39H,727
729,TA41A,L39I,728
730,TA41A,L39K,729
731,TA41A,L39M,730
732,TA41A,L39N,731
733,TA41A,L39P,732
734,TA41A,L39Q,733
735,TA41A,L39R,734
736,TA41A,L39S,735
737,TA41A,L39T,736
738,TA41A,L39V,737
739,TA41A,L39W,738
740,TA41A,L39Y,739
741,TA41A,A40C,740
742,TA41A,A40D,741
743,TA41A,A40E,742
744,TA41A,A40F,743
745,TA41A,A40G,744
746,TA41A,A40H,745
747,TA41A,A40I,746
748,TA41A,A40K,747
749,TA41A,A40L,748
750,TA41A,A40M,749
751,TA41A,A40N,750
752,TA41A,A40P,751
753,TA41A,A40Q,752
754,TA41A,A40R,753
755,TA41A,A40S,754
756,TA41A,A40T,755
757,TA41A,A40V,756
758,TA41A,A40W,757
759,TA41A,A40Y,758
760,TA41A,D41A,759
761,TA41A,D41C,760
762,TA41A,D41E,761
763,TA41A,D41F,762
764,TA41A,D41G,763
765,TA41A,D41H,764
766,TA41A,D41I,765
767,TA41A,D41K,766
768,TA41A,D41L,767
769,TA41A,D41M,768
770,TA41A,D41N,769
771,TA41A,D41P,770
772,TA41A,D41Q,771
773,TA41A,D41R,772
774,TA41A,D41S,773
775,TA41A,D41T,774
776,TA41A,D41V,775
777,TA41A,D41W,776
778,TA41A,D41Y,777
779,TA41A,A42C,778
780,TA41A,A42D,779
781,TA41A,A42E,780
782,TA41A,A42F,781
783,TA41A,A42G,782
784,TA41A,A42H,783
785,TA41A,A42I,784
786,TA41A,A42K,785
787,TA41A,A42L,786
788,TA41A,A42M,787
789,TA41A,A42N,788
790,TA41A,A42P,789
791,TA41A,A42Q,790
792,TA41A,A42R,791
793,TA41A,A42S,792
794,TA41A,A42T,793
795,TA41A,A42V,794
796,TA41A,A42W,795
797,TA41A,A42Y,796
798,TA41A,R43A,797
799,TA41A,R43C,798
800,TA41A,R43D,799
801,TA41A,R43E,800
802,TA41A,R43F,801
803,TA41A,R43G,802
804,TA41A,R43H,803
805,TA41A,R43I,804
806,TA41A,R43K,805
807,TA41A,R43L,806
808,TA41A,R43M,807
809,TA41A,R43N,808
810,TA41A,R43P,809
811,TA41A,R43Q,810
812,TA41A,R43S,811
813,TA41A,R43T,812
814,TA41A,R43V,813
815,TA41A,R43W,814
816,TA41A,R43Y,815
817,TA41A,M44A,816
818,TA41A,M44C,817
819,TA41A,M44D,818
820,TA41A,M44E,819
821,TA41A,M44F,820
822,TA41A,M44G,821
823,TA41A,M44H,822
824,TA41A,M44I,823
825,TA41A,M44K,824
826,TA41A,M44L,825
827,TA41A,M44N,826
828,TA41A,M44P,827
829,TA41A,M44Q,828
830,TA41A,M44R,829
831,TA41A,M44S,830
832,TA41A,M44T,831
833,TA41A,M44V,832
834,TA41A,M44W,833
835,TA41A,M44Y,834
836,TA41A,P45A,835
837,TA41A,P45C,836
838,TA41A,P45D,837
839,TA41A,P45E,838
840,TA41A,P45F,839
841,TA41A,P45G,840
842,TA41A,P45H,841
843,TA41A,P45I,842
844,TA41A,P45K,843
845,TA41A,P45L,844
846,TA41A,P45M,845
847,TA41A,P45N,846
848,TA41A,P45Q,847
849,TA41A,P45R,848
850,TA41A,P45S,849
851,TA41A,P45T,850
852,TA41A,P45V,851
853,TA41A,P45W,852
854,TA41A,P45Y,853
855,TA41A,L46A,854
856,TA41A,L46C,855
857,TA41A,L46D,856
858,TA41A,L46E,857
859,TA41A,L46F,858
860,TA41A,L46G,859
861,TA41A,L46H,860
862,TA41A,L46I,861
863,TA41A,L46K,862
864,TA41A,L46M,863
865,TA41A,L46N,864
866,TA41A,L46P,865
867,TA41A,L46Q,866
868,TA41A,L46R,867
869,TA41A,L46S,868
870,TA41A,L46T,869
871,TA41A,L46V,870
872,TA41A,L46W,871
873,TA41A,L46Y,872
874,TA41A,M47A,873
875,TA41A,M47C,874
876,TA41A,M47D,875
877,TA41A,M47E,876
878,TA41A,M47F,877
879,TA41A,M47G,878
880,TA41A,M47H,879
881,TA41A,M47I,880
882,TA41A,M47K,881
883,TA41A,M47L,882
884,TA41A,M47N,883
885,TA41A,M47P,884
886,TA41A,M47Q,885
887,TA41A,M47R,886
888,TA41A,M47S,887
889,TA41A,M47T,888
890,TA41A,M47V,889
891,TA41A,M47W,890
892,TA41A,M47Y,891
893,TA41A,D48A,892
894,TA41A,D48C,893
895,TA41A,D48E,894
896,TA41A,D48F,895
897,TA41A,D48G,896
898,TA41A,D48H,897
899,TA41A,D48I,898
900,TA41A,D48K,899
901,TA41A,D48L,900
902,TA41A,D48M,901
903,TA41A,D48N,902
904,TA41A,D48P,903
905,TA41A,D48Q,904
906,TA41A,D48R,905
907,TA41A,D48S,906
908,TA41A,D48T,907
909,TA41A,D48V,908
910,TA41A,D48W,909
911,TA41A,D48Y,910
912,TA41A,Q49A,911
913,TA41A,Q49C,912
914,TA41A,Q49D,913
915,TA41A,Q49E,914
916,TA41A,Q49F,915
917,TA41A,Q49G,916
918,TA41A,Q49H,917
919,TA41A,Q49I,918
920,TA41A,Q49K,919
921,TA41A,Q49L,920
922,TA41A,Q49M,921
923,TA41A,Q49N,922
924,TA41A,Q49P,923
925,TA41A,Q49R,924
926,TA41A,Q49S,925
927,TA41A,Q49T,926
928,TA41A,Q49V,927
929,TA41A,Q49W,928
930,TA41A,Q49Y,929
931,TA41A,G50A,930
932,TA41A,G50C,931
933,TA41A,G50D,932
934,TA41A,G50E,933
935,TA41A,G50F,934
936,TA41A,G50H,935
937,TA41A,G50I,936
938,TA41A,G50K,937
939,TA41A,G50L,938
940,TA41A,G50M,939
941,TA41A,G50N,940
942,TA41A,G50P,941
943,TA41A,G50Q,942
944,TA41A,G50R,943
945,TA41A,G50S,944
946,TA41A,G50T,945
947,TA41A,G50V,946
948,TA41A,G50W,947
949,TA41A,G50Y,948
950,TA41A,F51A,949
951,TA41A,F51C,950
952,TA41A,F51D,951
953,TA41A,F51E,952
954,TA41A,F51G,953
955,TA41A,F51H,954
956,TA41A,F51I,955
957,TA41A,F51K,956
958,TA41A,F51L,957
959,TA41A,F51M,958
960,TA41A,F51N,959
961,TA41A,F51P,960
962,TA41A,F51Q,961
963,TA41A,F51R,962
964,TA41A,F51S,963
965,TA41A,F51T,964
966,TA41A,F51V,965
967,TA41A,F51W,966
968,TA41A,F51Y,967
969,TA41A,L52A,968
970,TA41A,L52C,969
971,TA41A,L52D,970
972,TA41A,L52E,971
973,TA41A,L52F,972
974,TA41A,L52G,973
975,TA41A,L52H,974
976,TA41A,L52I,975
977,TA41A,L52K,976
978,TA41A,L52M,977
979,TA41A,L52N,978
980,TA41A,L52P,979
981,TA41A,L52Q,980
982,TA41A,L52R,981
983,TA41A,L52S,982
984,TA41A,L52T,983
985,TA41A,L52V,984
986,TA41A,L52W,985
987,TA41A,L52Y,986
988,TA41A,R53A,987
989,TA41A,R53C,988
990,TA41A,R53D,989
991,TA41A,R53E,990
992,TA41A,R53F,991
993,TA41A,R53G,992
994,TA41A,R53H,993
995,TA41A,R53I,994
996,TA41A,R53K,995
997,TA41A,R53L,996
998,TA41A,R53M,997
999,TA41A,R53N,998
1000,TA41A,R53P,999
1001,TA41A,R53Q,1000
1002,TA41A,R53S,1001
1003,TA41A,R53T,1002
1004,TA41A,R53V,1003
1005,TA41A,R53W,1004
1006,TA41A,R53Y,1005
1007,TA41A,S54A,1006
1008,TA41A,S54C,1007
1009,TA41A,S54D,1008
1010,TA41A,S54E,1009
1011,TA41A,S54F,1010
1012,TA41A,S54G,1011
1013,TA41A,S54H,1012
1014,TA41A,S54I,1013
1015,TA41A,S54K,1014
1016,TA41A,S54L,1015
1017,TA41A,S54M,1016
1018,TA41A,S54N,1017
1019,TA41A,S54P,1018
1020,TA41A,S54Q,1019
1021,TA41A,S54R,1020
1022,TA41A,S54T,1021
1023,TA41A,S54V,1022
1024,TA41A,S54W,1023
1025,TA41A,S54Y,1024
1026,TA41A,D55A,1025
1027,TA41A,D55C,1026
1028,TA41A,D55E,1027
1029,TA41A,D55F,1028
1030,TA41A,D55G,1029
1031,TA41A,D55H,1030
1032,TA41A,D55I,1031
1033,TA41A,D55K,1032
1034,TA41A,D55L,1033
1035,TA41A,D55M,1034
1036,TA41A,D55N,1035
1037,TA41A,D55P,1036
1038,TA41A,D55Q,1037
1039,TA41A,D55R,1038
1040,TA41A,D55S,1039
1041,TA41A,D55T,1040
1042,TA41A,D55V,1041
1043,TA41A,D55W,1042
1044,TA41A,D55Y,1043
1045,TA41A,L56A,1044
1046,TA41A,L56C,1045
1047,TA41A,L56D,1046
1048,TA41A,L56E,1047
1049,TA41A,L56F,1048
1050,TA41A,L56G,1049
1051,TA41A,L56H,1050
1052,TA41A,L56I,1051
1053,TA41A,L56K,1052
1054,TA41A,L56M,1053
1055,TA41A,L56N,1054
1056,TA41A,L56P,1055
1057,TA41A,L56Q,1056
1058,TA41A,L56R,1057
1059,TA41A,L56S,1058
1060,TA41A,L56T,1059
1061,TA41A,L56V,1060
1062,TA41A,L56W,1061
1063,TA41A,L56Y,1062
1064,TA41A,T57A,1063
1065,TA41A,T57C,1064
1066,TA41A,T57D,1065
1067,TA41A,T57E,1066
1068,TA41A,T57F,1067
1069,TA41A,T57G,1068
1070,TA41A,T57H,1069
1071,TA41A,T57I,1070
1072,TA41A,T57K,1071
1073,TA41A,T57L,1072
1074,TA41A,T57M,1073
1075,TA41A,T57N,1074
1076,TA41A,T57P,1075
1077,TA41A,T57Q,1076
1078,TA41A,T57R,1077
1079,TA41A,T57S,1078
1080,TA41A,T57V,1079
1081,TA41A,T57W,1080
1082,TA41A,T57Y,1081
1083,TA41A,Y58A,1082
1084,TA41A,Y58C,1083
1085,TA41A,Y58D,1084
1086,TA41A,Y58E,1085
1087,TA41A,Y58F,1086
1088,TA41A,Y58G,1087
1089,TA41A,Y58H,1088
1090,TA41A,Y58I,1089
1091,TA41A,Y58K,1090
1092,TA41A,Y58L,1091
1093,TA41A,Y58M,1092
1094,TA41A,Y58N,1093
1095,TA41A,Y58P,1094
1096,TA41A,Y58Q,1095
1097,TA41A,Y58R,1096
1098,TA41A,Y58S,1097
1099,TA41A,Y58T,1098
1100,TA41A,Y58V,1099
1101,TA41A,Y58W,1100
1102,TA41A,D59A,1101
1103,TA41A,D59C,1102
1104,TA41A,D59E,1103
1105,TA41A,D59F,1104
1106,TA41A,D59G,1105
1107,TA41A,D59H,1106
1108,TA41A,D59I,1107
1109,TA41A,D59K,1108
1110,TA41A,D59L,1109
1111,TA41A,D59M,1110
1112,TA41A,D59N,1111
1113,TA41A,D59P,1112
1114,TA41A,D59Q,1113
1115,TA41A,D59R,1114
1116,TA41A,D59S,1115
1117,TA41A,D59T,1116
1118,TA41A,D59V,1117
1119,TA41A,D59W,1118
1120,TA41A,D59Y,1119
1121,TA41A,V60A,1120
1122,TA41A,V60C,1121
1123,TA41A,V60D,1122
1124,TA41A,V60E,1123
1125,TA41A,V60F,1124
1126,TA41A,V60G,1125
1127,TA41A,V60H,1126
1128,TA41A,V60I,1127
1129,TA41A,V60K,1128
1130,TA41A,V60L,1129
1131,TA41A,V60M,1130
1132,TA41A,V60N,1131
1133,TA41A,V60P,1132
1134,TA41A,V60Q,1133
1135,TA41A,V60R,1134
1136,TA41A,V60S,1135
1137,TA41A,V60T,1136
1138,TA41A,V60W,1137
1139,TA41A,V60Y,1138
1140,TA41A,P61A,1139
1141,TA41A,P61C,1140
1142,TA41A,P61D,1141
1143,TA41A,P61E,1142
1144,TA41A,P61F,1143
1145,TA41A,P61G,1144
1146,TA41A,P61H,1145
1147,TA41A,P61I,1146
1148,TA41A,P61K,1147
1149,TA41A,P61L,1148
1150,TA41A,P61M,1149
1151,TA41A,P61N,1150
1152,TA41A,P61Q,1151
1153,TA41A,P61R,1152
1154,TA41A,P61S,1153
1155,TA41A,P61T,1154
1156,TA41A,P61V,1155
1157,TA41A,P61W,1156
1158,TA41A,P61Y,1157
1159,TA41A,A62C,1158
1160,TA41A,A62D,1159
1161,TA41A,A62E,1160
1162,TA41A,A62F,1161
1163,TA41A,A62G,1162
1164,TA41A,A62H,1163
1165,TA41A,A62I,1164
1166,TA41A,A62K,1165
1167,TA41A,A62L,1166
1168,TA41A,A62M,1167
1169,TA41A,A62N,1168
1170,TA41A,A62P,1169
1171,TA41A,A62Q,1170
1172,TA41A,A62R,1171
1173,TA41A,A62S,1172
1174,TA41A,A62T,1173
1175,TA41A,A62V,1174
1176,TA41A,A62W,1175
1177,TA41A,A62Y,1176
1178,TA41A,I63A,1177
1179,TA41A,I63C,1178
1180,TA41A,I63D,1179
1181,TA41A,I63E,1180
1182,TA41A,I63F,1181
1183,TA41A,I63G,1182
1184,TA41A,I63H,1183
1185,TA41A,I63K,1184
1186,TA41A,I63L,1185
1187,TA41A,I63M,1186
1188,TA41A,I63N,1187
1189,TA41A,I63P,1188
1190,TA41A,I63Q,1189
1191,TA41A,I63R,1190
1192,TA41A,I63S,1191
1193,TA41A,I63T,1192
1194,TA41A,I63V,1193
1195,TA41A,I63W,1194
1196,TA41A,I63Y,1195
1197,TA41A,W64A,1196
1198,TA41A,W64C,1197
1199,TA41A,W64D,1198
1200,TA41A,W64E,1199
1201,TA41A,W64F,1200
1202,TA41A,W64G,1201
1203,TA41A,W64H,1202
1204,TA41A,W64I,1203
1205,TA41A,W64K,1204
1206,TA41A,W64L,1205
1207,TA41A,W64M,1206
1208,TA41A,W64N,1207
1209,TA41A,W64P,1208
1210,TA41A,W64Q,1209
1211,TA41A,W64R,1210
1212,TA41A,W64S,1211
1213,TA41A,W64T,1212
1214,TA41A,W64V,1213
1215,TA41A,W64Y,1214
1216,TA41A,D65A,1215
1217,TA41A,D65C,1216
1218,TA41A,D65E,1217
1219,TA41A,D65F,1218
1220,TA41A,D65G,1219
1221,TA41A,D65H,1220
1222,TA41A,D65I,1221
1223,TA41A,D65K,1222
1224,TA41A,D65L,1223
1225,TA41A,D65M,1224
1226,TA41A,D65N,1225
1227,TA41A,D65P,1226
1228,TA41A,D65Q,1227
1229,TA41A,D65R,1228
1230,TA41A,D65S,1229
1231,TA41A,D65T,1230
1232,TA41A,D65V,1231
1233,TA41A,D65W,1232
1234,TA41A,D65Y,1233
1235,TA41A,G66A,1234
1236,TA41A,G66C,1235
1237,TA41A,G66D,1236
1238,TA41A,G66E,1237
1239,TA41A,G66F,1238
1240,TA41A,G66H,1239
1241,TA41A,G66I,1240
1242,TA41A,G66K,1241
1243,TA41A,G66L,1242
1244,TA41A,G66M,1243
1245,TA41A,G66N,1244
1246,TA41A,G66P,1245
1247,TA41A,G66Q,1246
1248,TA41A,G66R,1247
1249,TA41A,G66S,1248
1250,TA41A,G66T,1249
1251,TA41A,G66V,1250
1252,TA41A,G66W,1251
1253,TA41A,G66Y,1252
1254,TA41A,R67A,1253
1255,TA41A,R67C,1254
1256,TA41A,R67D,1255
1257,TA41A,R67E,1256
1258,TA41A,R67F,1257
1259,TA41A,R67G,1258
1260,TA41A,R67H,1259
1261,TA41A,R67I,1260
1262,TA41A,R67K,1261
1263,TA41A,R67L,1262
1264,TA41A,R67M,1263
1265,TA41A,R67N,1264
1266,TA41A,R67P,1265
1267,TA41A,R67Q,1266
1268,TA41A,R67S,1267
1269,TA41A,R67T,1268
1270,TA41A,R67V,1269
1271,TA41A,R67W,1270
1272,TA41A,R67Y,1271
1273,TA41A,F68A,1272
1274,TA41A,F68C,1273
1275,TA41A,F68D,1274
1276,TA41A,F68E,1275
1277,TA41A,F68G,1276
1278,TA41A,F68H,1277
1279,TA41A,F68I,1278
1280,TA41A,F68K,1279
1281,TA41A,F68L,1280
1282,TA41A,F68M,1281
1283,TA41A,F68N,1282
1284,TA41A,F68P,1283
1285,TA41A,F68Q,1284
1286,TA41A,F68R,1285
1287,TA41A,F68S,1286
1288,TA41A,F68T,1287
1289,TA41A,F68V,1288
1290,TA41A,F68W,1289
1291,TA41A,F68Y,1290
1292,TA41A,F69A,1291
1293,TA41A,F69C,1292
1294,TA41A,F69D,1293
1295,TA41A,F69E,1294
1296,TA41A,F69G,1295
1297,TA41A,F69H,1296
1298,TA41A,F69I,1297
1299,TA41A,F69K,1298
1300,TA41A,F69L,1299
1301,TA41A,F69M,1300
1302,TA41A,F69N,1301
1303,TA41A,F69P,1302
1304,TA41A,F69Q,1303
1305,TA41A,F69R,1304
1306,TA41A,F69S,1305
1307,TA41A,F69T,1306
1308,TA41A,F69V,1307
1309,TA41A,F69W,1308
1310,TA41A,F69Y,1309
1311,TA41A,R70A,1310
1312,TA41A,R70C,1311
1313,TA41A,R70D,1312
1314,TA41A,R70E,1313
1315,TA41A,R70F,1314
1316,TA41A,R70G,1315
1317,TA41A,R70H,1316
1318,TA41A,R70I,1317
1319,TA41A,R70K,1318
1320,TA41A,R70L,1319
1321,TA41A,R70M,1320
1322,TA41A,R70N,1321
1323,TA41A,R70P,1322
1324,TA41A,R70Q,1323
1325,TA41A,R70S,1324
1326,TA41A,R70T,1325
1327,TA41A,R70V,1326
1328,TA41A,R70W,1327
1329,TA41A,R70Y,1328
1330,TA41A,L71A,1329
1331,TA41A,L71C,1330
1332,TA41A,L71D,1331
1333,TA41A,L71E,1332
1334,TA41A,L71F,1333
1335,TA41A,L71G,1334
1336,TA41A,L71H,1335
1337,TA41A,L71I,1336
1338,TA41A,L71K,1337
1339,TA41A,L71M,1338
1340,TA41A,L71N,1339
1341,TA41A,L71P,1340
1342,TA41A,L71Q,1341
1343,TA41A,L71R,1342
1344,TA41A,L71S,1343
1345,TA41A,L71T,1344
1346,TA41A,L71V,1345
1347,TA41A,L71W,1346
1348,TA41A,L71Y,1347
1349,TA41A,H72A,1348
1350,TA41A,H72C,1349
1351,TA41A,H72D,1350
1352,TA41A,H72E,1351
1353,TA41A,H72F,1352
1354,TA41A,H72G,1353
1355,TA41A,H72I,1354
1356,TA41A,H72K,1355
1357,TA41A,H72L,1356
1358,TA41A,H72M,1357
1359,TA41A,H72N,1358
1360,TA41A,H72P,1359
1361,TA41A,H72Q,1360
1362,TA41A,H72R,1361
1363,TA41A,H72S,1362
1364,TA41A,H72T,1363
1365,TA41A,H72V,1364
1366,TA41A,H72W,1365
1367,TA41A,H72Y,1366
1368,TA41A,D73A,1367
1369,TA41A,D73C,1368
1370,TA41A,D73E,1369
1371,TA41A,D73F,1370
1372,TA41A,D73G,1371
1373,TA41A,D73H,1372
1374,TA41A,D73I,1373
1375,TA41A,D73K,1374
1376,TA41A,D73L,1375
1377,TA41A,D73M,1376
1378,TA41A,D73N,1377
1379,TA41A,D73P,1378
1380,TA41A,D73Q,1379
1381,TA41A,D73R,1380
1382,TA41A,D73S,1381
1383,TA41A,D73T,1382
1384,TA41A,D73V,1383
1385,TA41A,D73W,1384
1386,TA41A,D73Y,1385
1387,TA41A,H74A,1386
1388,TA41A,H74C,1387
1389,TA41A,H74D,1388
1390,TA41A,H74E,1389
1391,TA41A,H74F,1390
1392,TA41A,H74G,1391
1393,TA41A,H74I,1392
1394,TA41A,H74K,1393
1395,TA41A,H74L,1394
1396,TA41A,H74M,1395
1397,TA41A,H74N,1396
1398,TA41A,H74P,1397
1399,TA41A,H74Q,1398
1400,TA41A,H74R,1399
1401,TA41A,H74S,1400
1402,TA41A,H74T,1401
1403,TA41A,H74V,1402
1404,TA41A,H74W,1403
1405,TA41A,H74Y,1404
1406,TA41A,L75A,1405
1407,TA41A,L75C,1406
1408,TA41A,L75D,1407
1409,TA41A,L75E,1408
1410,TA41A,L75F,1409
1411,TA41A,L75G,1410
1412,TA41A,L75H,1411
1413,TA41A,L75I,1412
1414,TA41A,L75K,1413
1415,TA41A,L75M,1414
1416,TA41A,L75N,1415
1417,TA41A,L75P,1416
1418,TA41A,L75Q,1417
1419,TA41A,L75R,1418
1420,TA41A,L75S,1419
1421,TA41A,L75T,1420
1422,TA41A,L75V,1421
1423,TA41A,L75W,1422
1424,TA41A,L75Y,1423
1425,TA41A,D76A,1424
1426,TA41A,D76C,1425
1427,TA41A,D76E,1426
1428,TA41A,D76F,1427
1429,TA41A,D76G,1428
1430,TA41A,D76H,1429
1431,TA41A,D76I,1430
1432,TA41A,D76K,1431
1433,TA41A,D76L,1432
1434,TA41A,D76M,1433
1435,TA41A,D76N,1434
1436,TA41A,D76P,1435
1437,TA41A,D76Q,1436
1438,TA41A,D76R,1437
1439,TA41A,D76S,1438
1440,TA41A,D76T,1439
1441,TA41A,D76V,1440
1442,TA41A,D76W,1441
1443,TA41A,D76Y,1442
1444,TA41A,R77A,1443
1445,TA41A,R77C,1444
1446,TA41A,R77D,1445
1447,TA41A,R77E,1446
1448,TA41A,R77F,1447
1449,TA41A,R77G,1448
1450,TA41A,R77H,1449
1451,TA41A,R77I,1450
1452,TA41A,R77K,1451
1453,TA41A,R77L,1452
1454,TA41A,R77M,1453
1455,TA41A,R77N,1454
1456,TA41A,R77P,1455
1457,TA41A,R77Q,1456
1458,TA41A,R77S,1457
1459,TA41A,R77T,1458
1460,TA41A,R77V,1459
1461,TA41A,R77W,1460
1462,TA41A,R77Y,1461
1463,TA41A,M78A,1462
1464,TA41A,M78C,1463
1465,TA41A,M78D,1464
1466,TA41A,M78E,1465
1467,TA41A,M78F,1466
1468,TA41A,M78G,1467
1469,TA41A,M78H,1468
1470,TA41A,M78I,1469
1471,TA41A,M78K,1470
1472,TA41A,M78L,1471
1473,TA41A,M78N,1472
1474,TA41A,M78P,1473
1475,TA41A,M78Q,1474
1476,TA41A,M78R,1475
1477,TA41A,M78S,1476
1478,TA41A,M78T,1477
1479,TA41A,M78V,1478
1480,TA41A,M78W,1479
1481,TA41A,M78Y,1480
1482,TA41A,E79A,1481
1483,TA41A,E79C,1482
1484,TA41A,E79D,1483
1485,TA41A,E79F,1484
1486,TA41A,E79G,1485
1487,TA41A,E79H,1486
1488,TA41A,E79I,1487
1489,TA41A,E79K,1488
1490,TA41A,E79L,1489
1491,TA41A,E79M,1490
1492,TA41A,E79N,1491
1493,TA41A,E79P,1492
1494,TA41A,E79Q,1493
1495,TA41A,E79R,1494
1496,TA41A,E79S,1495
1497,TA41A,E79T,1496
1498,TA41A,E79V,1497
1499,TA41A,E79W,1498
1500,TA41A,E79Y,1499
1501,TA41A,R80A,1500
1502,TA41A,R80C,1501
1503,TA41A,R80D,1502
1504,TA41A,R80E,1503
1505,TA41A,R80F,1504
1506,TA41A,R80G,1505
1507,TA41A,R80H,1506
1508,TA41A,R80I,1507
1509,TA41A,R80K,1508
1510,TA41A,R80L,1509
1511,TA41A,R80M,1510
1512,TA41A,R80N,1511
1513,TA41A,R80P,1512
1514,TA41A,R80Q,1513
1515,TA41A,R80S,1514
1516,TA41A,R80T,1515
1517,TA41A,R80V,1516
1518,TA41A,R80W,1517
1519,TA41A,R80Y,1518
1520,TA41A,S81A,1519
1521,TA41A,S81C,1520
1522,TA41A,S81D,1521
1523,TA41A,S81E,1522
1524,TA41A,S81F,1523
1525,TA41A,S81G,1524
1526,TA41A,S81H,1525
1527,TA41A,S81I,1526
1528,TA41A,S81K,1527
1529,TA41A,S81L,1528
1530,TA41A,S81M,1529
1531,TA41A,S81N,1530
1532,TA41A,S81P,1531
1533,TA41A,S81Q,1532
1534,TA41A,S81R,1533
1535,TA41A,S81T,1534
1536,TA41A,S81V,1535
1537,TA41A,S81W,1536
1538,TA41A,S81Y,1537
1539,TA41A,C82A,1538
1540,TA41A,C82D,1539
1541,TA41A,C82E,1540
1542,TA41A,C82F,1541
1543,TA41A,C82G,1542
1544,TA41A,C82H,1543
1545,TA41A,C82I,1544
1546,TA41A,C82K,1545
1547,TA41A,C82L,1546
1548,TA41A,C82M,1547
1549,TA41A,C82N,1548
1550,TA41A,C82P,1549
1551,TA41A,C82Q,1550
1552,TA41A,C82R,1551
1553,TA41A,C82S,1552
1554,TA41A,C82T,1553
1555,TA41A,C82V,1554
1556,TA41A,C82W,1555
1557,TA41A,C82Y,1556
1558,TA41A,E83A,1557
1559,TA41A,E83C,1558
1560,TA41A,E83D,1559
1561,TA41A,E83F,1560
1562,TA41A,E83G,1561
1563,TA41A,E83H,1562
1564,TA41A,E83I,1563
1565,TA41A,E83K,1564
1566,TA41A,E83L,1565
1567,TA41A,E83M,1566
1568,TA41A,E83N,1567
1569,TA41A,E83P,1568
1570,TA41A,E83Q,1569
1571,TA41A,E83R,1570
1572,TA41A,E83S,1571
1573,TA41A,E83T,1572
1574,TA41A,E83V,1573
1575,TA41A,E83W,1574
1576,TA41A,E83Y,1575
1577,TA41A,K84A,1576
1578,TA41A,K84C,1577
1579,TA41A,K84D,1578
1580,TA41A,K84E,1579
1581,TA41A,K84F,1580
1582,TA41A,K84G,1581
1583,TA41A,K84H,1582
1584,TA41A,K84I,1583
1585,TA41A,K84L,1584
1586,TA41A,K84M,1585
1587,TA41A,K84N,1586
1588,TA41A,K84P,1587
1589,TA41A,K84Q,1588
1590,TA41A,K84R,1589
1591,TA41A,K84S,1590
1592,TA41A,K84T,1591
1593,TA41A,K84V,1592
1594,TA41A,K84W,1593
1595,TA41A,K84Y,1594
1596,TA41A,L85A,1595
1597,TA41A,L85C,1596
1598,TA41A,L85D,1597
1599,TA41A,L85E,1598
1600,TA41A,L85F,1599
1601,TA41A,L85G,1600
1602,TA41A,L85H,1601
1603,TA41A,L85I,1602
1604,TA41A,L85K,1603
1605,TA41A,L85M,1604
1606,TA41A,L85N,1605
1607,TA41A,L85P,1606
1608,TA41A,L85Q,1607
1609,TA41A,L85R,1608
1610,TA41A,L85S,1609
1611,TA41A,L85T,1610
1612,TA41A,L85V,1611
1613,TA41A,L85W,1612
1614,TA41A,L85Y,1613
1615,TA41A,R86A,1614
1616,TA41A,R86C,1615
1617,TA41A,R86D,1616
1618,TA41A,R86E,1617
1619,TA41A,R86F,1618
1620,TA41A,R86G,1619
1621,TA41A,R86H,1620
1622,TA41A,R86I,1621
1623,TA41A,R86K,1622
1624,TA41A,R86L,1623
1625,TA41A,R86M,1624
1626,TA41A,R86N,1625
1627,TA41A,R86P,1626
1628,TA41A,R86Q,1627
1629,TA41A,R86S,1628
1630,TA41A,R86T,1629
1631,TA41A,R86V,1630
1632,TA41A,R86W,1631
1633,TA41A,R86Y,1632
1634,TA41A,L87A,1633
1635,TA41A,L87C,1634
1636,TA41A,L87D,1635
1637,TA41A,L87E,1636
1638,TA41A,L87F,1637
1639,TA41A,L87G,1638
1640,TA41A,L87H,1639
1641,TA41A,L87I,1640
1642,TA41A,L87K,1641
1643,TA41A,L87M,1642
1644,TA41A,L87N,1643
1645,TA41A,L87P,1644
1646,TA41A,L87Q,1645
1647,TA41A,L87R,1646
1648,TA41A,L87S,1647
1649,TA41A,L87T,1648
1650,TA41A,L87V,1649
1651,TA41A,L87W,1650
1652,TA41A,L87Y,1651
1653,TA41A,R88A,1652
1654,TA41A,R88C,1653
1655,TA41A,R88D,1654
1656,TA41A,R88E,1655
1657,TA41A,R88F,1656
1658,TA41A,R88G,1657
1659,TA41A,R88H,1658
1660,TA41A,R88I,1659
1661,TA41A,R88K,1660
1662,TA41A,R88L,1661
1663,TA41A,R88M,1662
1664,TA41A,R88N,1663
1665,TA41A,R88P,1664
1666,TA41A,R88Q,1665
1667,TA41A,R88S,1666
1668,TA41A,R88T,1667
1669,TA41A,R88V,1668
1670,TA41A,R88W,1669
1671,TA41A,R88Y,1670
1672,TA41A,C89A,1671
1673,TA41A,C89D,1672
1674,TA41A,C89E,1673
1675,TA41A,C89F,1674
1676,TA41A,C89G,1675
1677,TA41A,C89H,1676
1678,TA41A,C89I,1677
1679,TA41A,C89K,1678
1680,TA41A,C89L,1679
1681,TA41A,C89M,1680
1682,TA41A,C89N,1681
1683,TA41A,C89P,1682
1684,TA41A,C89Q,1683
1685,TA41A,C89R,1684
1686,TA41A,C89S,1685
1687,TA41A,C89T,1686
1688,TA41A,C89V,1687
1689,TA41A,C89W,1688
1690,TA41A,C89Y,1689
1691,TA41A,P90A,1690
1692,TA41A,P90C,1691
1693,TA41A,P90D,1692
1694,TA41A,P90E,1693
1695,TA41A,P90F,1694
1696,TA41A,P90G,1695
1697,TA41A,P90H,1696
1698,TA41A,P90I,1697
1699,TA41A,P90K,1698
1700,TA41A,P90L,1699
1701,TA41A,P90M,1700
1702,TA41A,P90N,1701
1703,TA41A,P90Q,1702
1704,TA41A,P90R,1703
1705,TA41A,P90S,1704
1706,TA41A,P90T,1705
1707,TA41A,P90V,1706
1708,TA41A,P90W,1707
1709,TA41A,P90Y,1708
1710,TA41A,L91A,1709
1711,TA41A,L91C,1710
1712,TA41A,L91D,1711
1713,TA41A,L91E,1712
1714,TA41A,L91F,1713
1715,TA41A,L91G,1714
1716,TA41A,L91H,1715
1717,TA41A,L91I,1716
1718,TA41A,L91K,1717
1719,TA41A,L91M,1718
1720,TA41A,L91N,1719
1721,TA41A,L91P,1720
1722,TA41A,L91Q,1721
1723,TA41A,L91R,1722
1724,TA41A,L91S,1723
1725,TA41A,L91T,1724
1726,TA41A,L91V,1725
1727,TA41A,L91W,1726
1728,TA41A,L91Y,1727
1729,TA41A,G92A,1728
1730,TA41A,G92C,1729
1731,TA41A,G92D,1730
1732,TA41A,G92E,1731
1733,TA41A,G92F,1732
1734,TA41A,G92H,1733
1735,TA41A,G92I,1734
1736,TA41A,G92K,1735
1737,TA41A,G92L,1736
1738,TA41A,G92M,1737
1739,TA41A,G92N,1738
1740,TA41A,G92P,1739
1741,TA41A,G92Q,1740
1742,TA41A,G92R,1741
1743,TA41A,G92S,1742
1744,TA41A,G92T,1743
1745,TA41A,G92V,1744
1746,TA41A,G92W,1745
1747,TA41A,G92Y,1746
1748,TA41A,R93A,1747
1749,TA41A,R93C,1748
1750,TA41A,R93D,1749
1751,TA41A,R93E,1750
1752,TA41A,R93F,1751
1753,TA41A,R93G,1752
1754,TA41A,R93H,1753
1755,TA41A,R93I,1754
1756,TA41A,R93K,1755
1757,TA41A,R93L,1756
1758,TA41A,R93M,1757
1759,TA41A,R93N,1758
1760,TA41A,R93P,1759
1761,TA41A,R93Q,1760
1762,TA41A,R93S,1761
1763,TA41A,R93T,1762
1764,TA41A,R93V,1763
1765,TA41A,R93W,1764
1766,TA41A,R93Y,1765
1767,TA41A,E94A,1766
1768,TA41A,E94C,1767
1769,TA41A,E94D,1768
1770,TA41A,E94F,1769
1771,TA41A,E94G,1770
1772,TA41A,E94H,1771
1773,TA41A,E94I,1772
1774,TA41A,E94K,1773
1775,TA41A,E94L,1774
1776,TA41A,E94M,1775
1777,TA41A,E94N,1776
1778,TA41A,E94P,1777
1779,TA41A,E94Q,1778
1780,TA41A,E94R,1779
1781,TA41A,E94S,1780
1782,TA41A,E94T,1781
1783,TA41A,E94V,1782
1784,TA41A,E94W,1783
1785,TA41A,E94Y,1784
1786,TA41A,E95A,1785
1787,TA41A,E95C,1786
1788,TA41A,E95D,1787
1789,TA41A,E95F,1788
1790,TA41A,E95G,1789
1791,TA41A,E95H,1790
1792,TA41A,E95I,1791
1793,TA41A,E95K,1792
1794,TA41A,E95L,1793
1795,TA41A,E95M,1794
1796,TA41A,E95N,1795
1797,TA41A,E95P,1796
1798,TA41A,E95Q,1797
1799,TA41A,E95R,1798
1800,TA41A,E95S,1799
1801,TA41A,E95T,1800
1802,TA41A,E95V,1801
1803,TA41A,E95W,1802
1804,TA41A,E95Y,1803
1805,TA41A,L96A,1804
1806,TA41A,L96C,1805
1807,TA41A,L96D,1806
1808,TA41A,L96E,1807
1809,TA41A,L96F,1808
1810,TA41A,L96G,1809
1811,TA41A,L96H,1810
1812,TA41A,L96I,1811
1813,TA41A,L96K,1812
1814,TA41A,L96M,1813
1815,TA41A,L96N,1814
1816,TA41A,L96P,1815
1817,TA41A,L96Q,1816
1818,TA41A,L96R,1817
1819,TA41A,L96S,1818
1820,TA41A,L96T,1819
1821,TA41A,L96V,1820
1822,TA41A,L96W,1821
1823,TA41A,L96Y,1822
1824,TA41A,C97A,1823
1825,TA41A,C97D,1824
1826,TA41A,C97E,1825
1827,TA41A,C97F,1826
1828,TA41A,C97G,1827
1829,TA41A,C97H,1828
1830,TA41A,C97I,1829
1831,TA41A,C97K,1830
1832,TA41A,C97L,1831
1833,TA41A,C97M,1832
1834,TA41A,C97N,1833
1835,TA41A,C97P,1834
1836,TA41A,C97Q,1835
1837,TA41A,C97R,1836
1838,TA41A,C97S,1837
1839,TA41A,C97T,1838
1840,TA41A,C97V,1839
1841,TA41A,C97W,1840
1842,TA41A,C97Y,1841
1843,TA41A,G98A,1842
1844,TA41A,G98C,1843
1845,TA41A,G98D,1844
1846,TA41A,G98E,1845
1847,TA41A,G98F,1846
1848,TA41A,G98H,1847
1849,TA41A,G98I,1848
1850,TA41A,G98K,1849
1851,TA41A,G98L,1850
1852,TA41A,G98M,1851
1853,TA41A,G98N,1852
1854,TA41A,G98P,1853
1855,TA41A,G98Q,1854
1856,TA41A,G98R,1855
1857,TA41A,G98S,1856
1858,TA41A,G98T,1857
1859,TA41A,G98V,1858
1860,TA41A,G98W,1859
1861,TA41A,G98Y,1860
1862,TA41A,T99A,1861
1863,TA41A,T99C,1862
1864,TA41A,T99D,1863
1865,TA41A,T99E,1864
1866,TA41A,T99F,1865
1867,TA41A,T99G,1866
1868,TA41A,T99H,1867
1869,TA41A,T99I,1868
1870,TA41A,T99K,1869
1871,TA41A,T99L,1870
1872,TA41A,T99M,1871
1873,TA41A,T99N,1872
1874,TA41A,T99P,1873
1875,TA41A,T99Q,1874
1876,TA41A,T99R,1875
1877,TA41A,T99S,1876
1878,TA41A,T99V,1877
1879,TA41A,T99W,1878
1880,TA41A,T99Y,1879
1881,TA41A,L100A,1880
1882,TA41A,L100C,1881
1883,TA41A,L100D,1882
1884,TA41A,L100E,1883
1885,TA41A,L100F,1884
1886,TA41A,L100G,1885
1887,TA41A,L100H,1886
1888,TA41A,L100I,1887
1889,TA41A,L100K,1888
1890,TA41A,L100M,1889
1891,TA41A,L100N,1890
1892,TA41A,L100P,1891
1893,TA41A,L100Q,1892
1894,TA41A,L100R,1893
1895,TA41A,L100S,1894
1896,TA41A,L100T,1895
1897,TA41A,L100V,1896
1898,TA41A,L100W,1897
1899,TA41A,L100Y,1898
1900,TA41A,V101A,1899
1901,TA41A,V101C,1900
1902,TA41A,V101D,1901
1903,TA41A,V101E,1902
1904,TA41A,V101F,1903
1905,TA41A,V101G,1904
1906,TA41A,V101H,1905
1907,TA41A,V101I,1906
1908,TA41A,V101K,1907
1909,TA41A,V101L,1908
1910,TA41A,V101M,1909
1911,TA41A,V101N,1910
1912,TA41A,V101P,1911
1913,TA41A,V101Q,1912
1914,TA41A,V101R,1913
1915,TA41A,V101S,1914
1916,TA41A,V101T,1915
1917,TA41A,V101W,1916
1918,TA41A,V101Y,1917
1919,TA41A,G102A,1918
1920,TA41A,G102C,1919
1921,TA41A,G102D,1920
1922,TA41A,G102E,1921
1923,TA41A,G102F,1922
1924,TA41A,G102H,1923
1925,TA41A,G102I,1924
1926,TA41A,G102K,1925
1927,TA41A,G102L,1926
1928,TA41A,G102M,1927
1929,TA41A,G102N,1928
1930,TA41A,G102P,1929
1931,TA41A,G102Q,1930
1932,TA41A,G102R,1931
1933,TA41A,G102S,1932
1934,TA41A,G102T,1933
1935,TA41A,G102V,1934
1936,TA41A,G102W,1935
1937,TA41A,G102Y,1936
1938,TA41A,M103A,1937
1939,TA41A,M103C,1938
1940,TA41A,M103D,1939
1941,TA41A,M103E,1940
1942,TA41A,M103F,1941
1943,TA41A,M103G,1942
1944,TA41A,M103H,1943
1945,TA41A,M103I,1944
1946,TA41A,M103K,1945
1947,TA41A,M103L,1946
1948,TA41A,M103N,1947
1949,TA41A,M103P,1948
1950,TA41A,M103Q,1949
1951,TA41A,M103R,1950
1952,TA41A,M103S,1951
1953,TA41A,M103T,1952
1954,TA41A,M103V,1953
1955,TA41A,M103W,1954
1956,TA41A,M103Y,1955
1957,TA41A,A104C,1956
1958,TA41A,A104D,1957
1959,TA41A,A104E,1958
1960,TA41A,A104F,1959
1961,TA41A,A104G,1960
1962,TA41A,A104H,1961
1963,TA41A,A104I,1962
1964,TA41A,A104K,1963
1965,TA41A,A104L,1964
1966,TA41A,A104M,1965
1967,TA41A,A104N,1966
1968,TA41A,A104P,1967
1969,TA41A,A104Q,1968
1970,TA41A,A104R,1969
1971,TA41A,A104S,1970
1972,TA41A,A104T,1971
1973,TA41A,A104V,1972
1974,TA41A,A104W,1973
1975,TA41A,A104Y,1974
1976,TA41A,A105C,1975
1977,TA41A,A105D,1976
1978,TA41A,A105E,1977
1979,TA41A,A105F,1978
1980,TA41A,A105G,1979
1981,TA41A,A105H,1980
1982,TA41A,A105I,1981
1983,TA41A,A105K,1982
1984,TA41A,A105L,1983
1985,TA41A,A105M,1984
1986,TA41A,A105N,1985
1987,TA41A,A105P,1986
1988,TA41A,A105Q,1987
1989,TA41A,A105R,1988
1990,TA41A,A105S,1989
1991,TA41A,A105T,1990
1992,TA41A,A105V,1991
1993,TA41A,A105W,1992
1994,TA41A,A105Y,1993
1995,TA41A,K106A,1994
1996,TA41A,K106C,1995
1997,TA41A,K106D,1996
1998,TA41A,K106E,1997
1999,TA41A,K106F,1998
2000,TA41A,K106G,1999
2001,TA41A,K106H,2000
2002,TA41A,K106I,2001
2003,TA41A,K106L,2002
2004,TA41A,K106M,2003
2005,TA41A,K106N,2004
2006,TA41A,K106P,2005
2007,TA41A,K106Q,2006
2008,TA41A,K106R,2007
2009,TA41A,K106S,2008
2010,TA41A,K106T,2009
2011,TA41A,K106V,2010
2012,TA41A,K106W,2011
2013,TA41A,K106Y,2012
2014,TA41A,S107A,2013
2015,TA41A,S107C,2014
2016,TA41A,S107D,2015
2017,TA41A,S107E,2016
2018,TA41A,S107F,2017
2019,TA41A,S107G,2018
2020,TA41A,S107H,2019
2021,TA41A,S107I,2020
2022,TA41A,S107K,2021
2023,TA41A,S107L,2022
2024,TA41A,S107M,2023
2025,TA41A,S107N,2024
2026,TA41A,S107P,2025
2027,TA41A,S107Q,2026
2028,TA41A,S107R,2027
2029,TA41A,S107T,2028
2030,TA41A,S107V,2029
2031,TA41A,S107W,2030
2032,TA41A,S107Y,2031
2033,TA41A,G108A,2032
2034,TA41A,G108C,2033
2035,TA41A,G108D,2034
2036,TA41A,G108E,2035
2037,TA41A,G108F,2036
2038,TA41A,G108H,2037
2039,TA41A,G108I,2038
2040,TA41A,G108K,2039
2041,TA41A,G108L,2040
2042,TA41A,G108M,2041
2043,TA41A,G108N,2042
2044,TA41A,G108P,2043
2045,TA41A,G108Q,2044
2046,TA41A,G108R,2045
2047,TA41A,G108S,2046
2048,TA41A,G108T,2047
2049,TA41A,G108V,2048
2050,TA41A,G108W,2049
2051,TA41A,G108Y,2050
2052,TA41A,I109A,2051
2053,TA41A,I109C,2052
2054,TA41A,I109D,2053
2055,TA41A,I109E,2054
2056,TA41A,I109F,2055
2057,TA41A,I109G,2056
2058,TA41A,I109H,2057
2059,TA41A,I109K,2058
2060,TA41A,I109L,2059
2061,TA41A,I109M,2060
2062,TA41A,I109N,2061
2063,TA41A,I109P,2062
2064,TA41A,I109Q,2063
2065,TA41A,I109R,2064
2066,TA41A,I109S,2065
2067,TA41A,I109T,2066
2068,TA41A,I109V,2067
2069,TA41A,I109W,2068
2070,TA41A,I109Y,2069
2071,TA41A,R110A,2070
2072,TA41A,R110C,2071
2073,TA41A,R110D,2072
2074,TA41A,R110E,2073
2075,TA41A,R110F,2074
2076,TA41A,R110G,2075
2077,TA41A,R110H,2076
2078,TA41A,R110I,2077
2079,TA41A,R110K,2078
2080,TA41A,R110L,2079
2081,TA41A,R110M,2080
2082,TA41A,R110N,2081
2083,TA41A,R110P,2082
2084,TA41A,R110Q,2083
2085,TA41A,R110S,2084
2086,TA41A,R110T,2085
2087,TA41A,R110V,2086
2088,TA41A,R110W,2087
2089,TA41A,R110Y,2088
2090,TA41A,D111A,2089
2091,TA41A,D111C,2090
2092,TA41A,D111E,2091
2093,TA41A,D111F,2092
2094,TA41A,D111G,2093
2095,TA41A,D111H,2094
2096,TA41A,D111I,2095
2097,TA41A,D111K,2096
2098,TA41A,D111L,2097
2099,TA41A,D111M,2098
2100,TA41A,D111N,2099
2101,TA41A,D111P,2100
2102,TA41A,D111Q,2101
2103,TA41A,D111R,2102
2104,TA41A,D111S,2103
2105,TA41A,D111T,2104
2106,TA41A,D111V,2105
2107,TA41A,D111W,2106
2108,TA41A,D111Y,2107
2109,TA41A,G112A,2108
2110,TA41A,G112C,2109
2111,TA41A,G112D,2110
2112,TA41A,G112E,2111
2113,TA41A,G112F,2112
2114,TA41A,G112H,2113
2115,TA41A,G112I,2114
2116,TA41A,G112K,2115
2117,TA41A,G112L,2116
2118,TA41A,G112M,2117
2119,TA41A,G112N,2118
2120,TA41A,G112P,2119
2121,TA41A,G112Q,2120
2122,TA41A,G112R,2121
2123,TA41A,G112S,2122
2124,TA41A,G112T,2123
2125,TA41A,G112V,2124
2126,TA41A,G112W,2125
2127,TA41A,G112Y,2126
2128,TA41A,F113A,2127
2129,TA41A,F113C,2128
2130,TA41A,F113D,2129
2131,TA41A,F113E,2130
2132,TA41A,F113G,2131
2133,TA41A,F113H,2132
2134,TA41A,F113I,2133
2135,TA41A,F113K,2134
2136,TA41A,F113L,2135
2137,TA41A,F113M,2136
2138,TA41A,F113N,2137
2139,TA41A,F113P,2138
2140,TA41A,F113Q,2139
2141,TA41A,F113R,2140
2142,TA41A,F113S,2141
2143,TA41A,F113T,2142
2144,TA41A,F113V,2143
2145,TA41A,F113W,2144
2146,TA41A,F113Y,2145
2147,TA41A,V114A,2146
2148,TA41A,V114C,2147
2149,TA41A,V114D,2148
2150,TA41A,V114E,2149
2151,TA41A,V114F,2150
2152,TA41A,V114G,2151
2153,TA41A,V114H,2152
2154,TA41A,V114I,2153
2155,TA41A,V114K,2154
2156,TA41A,V114L,2155
2157,TA41A,V114M,2156
2158,TA41A,V114N,2157
2159,TA41A,V114P,2158
2160,TA41A,V114Q,2159
2161,TA41A,V114R,2160
2162,TA41A,V114S,2161
2163,TA41A,V114T,2162
2164,TA41A,V114W,2163
2165,TA41A,V114Y,2164
2166,TA41A,F115A,2165
2167,TA41A,F115C,2166
2168,TA41A,F115D,2167
2169,TA41A,F115E,2168
2170,TA41A,F115G,2169
2171,TA41A,F115H,2170
2172,TA41A,F115I,2171
2173,TA41A,F115K,2172
2174,TA41A,F115L,2173
2175,TA41A,F115M,2174
2176,TA41A,F115N,2175
2177,TA41A,F115P,2176
2178,TA41A,F115Q,2177
2179,TA41A,F115R,2178
2180,TA41A,F115S,2179
2181,TA41A,F115T,2180
2182,TA41A,F115V,2181
2183,TA41A,F115W,2182
2184,TA41A,F115Y,2183
2185,TA41A,L116A,2184
2186,TA41A,L116C,2185
2187,TA41A,L116D,2186
2188,TA41A,L116E,2187
2189,TA41A,L116F,2188
2190,TA41A,L116G,2189
2191,TA41A,L116H,2190
2192,TA41A,L116I,2191
2193,TA41A,L116K,2192
2194,TA41A,L116M,2193
2195,TA41A,L116N,2194
2196,TA41A,L116P,2195
2197,TA41A,L116Q,2196
2198,TA41A,L116R,2197
2199,TA41A,L116S,2198
2200,TA41A,L116T,2199
2201,TA41A,L116V,2200
2202,TA41A,L116W,2201
2203,TA41A,L116Y,2202
2204,TA41A,A117C,2203
2205,TA41A,A117D,2204
2206,TA41A,A117E,2205
2207,TA41A,A117F,2206
2208,TA41A,A117G,2207
2209,TA41A,A117H,2208
2210,TA41A,A117I,2209
2211,TA41A,A117K,2210
2212,TA41A,A117L,2211
2213,TA41A,A117M,2212
2214,TA41A,A117N,2213
2215,TA41A,A117P,2214
2216,TA41A,A117Q,2215
2217,TA41A,A117R,2216
2218,TA41A,A117S,2217
2219,TA41A,A117T,2218
2220,TA41A,A117V,2219
2221,TA41A,A117W,2220
2222,TA41A,A117Y,2221
2223,TA41A,V118A,2222
2224,TA41A,V118C,2223
2225,TA41A,V118D,2224
2226,TA41A,V118E,2225
2227,TA41A,V118F,2226
2228,TA41A,V118G,2227
2229,TA41A,V118H,2228
2230,TA41A,V118I,2229
2231,TA41A,V118K,2230
2232,TA41A,V118L,2231
2233,TA41A,V118M,2232
2234,TA41A,V118N,2233
2235,TA41A,V118P,2234
2236,TA41A,V118Q,2235
2237,TA41A,V118R,2236
2238,TA41A,V118S,2237
2239,TA41A,V118T,2238
2240,TA41A,V118W,2239
2241,TA41A,V118Y,2240
2242,TA41A,T119A,2241
2243,TA41A,T119C,2242
2244,TA41A,T119D,2243
2245,TA41A,T119E,2244
2246,TA41A,T119F,2245
2247,TA41A,T119G,2246
2248,TA41A,T119H,2247
2249,TA41A,T119I,2248
2250,TA41A,T119K,2249
2251,TA41A,T119L,2250
2252,TA41A,T119M,2251
2253,TA41A,T119N,2252
2254,TA41A,T119P,2253
2255,TA41A,T119Q,2254
2256,TA41A,T119R,2255
2257,TA41A,T119S,2256
2258,TA41A,T119V,2257
2259,TA41A,T119W,2258
2260,TA41A,T119Y,2259
2261,TA41A,R120A,2260
2262,TA41A,R120C,2261
2263,TA41A,R120D,2262
2264,TA41A,R120E,2263
2265,TA41A,R120F,2264
2266,TA41A,R120G,2265
2267,TA41A,R120H,2266
2268,TA41A,R120I,2267
2269,TA41A,R120K,2268
2270,TA41A,R120L,2269
2271,TA41A,R120M,2270
2272,TA41A,R120N,2271
2273,TA41A,R120P,2272
2274,TA41A,R120Q,2273
2275,TA41A,R120S,2274
2276,TA41A,R120T,2275
2277,TA41A,R120V,2276
2278,TA41A,R120W,2277
2279,TA41A,R120Y,2278
2280,TA41A,G121A,2279
2281,TA41A,G121C,2280
2282,TA41A,G121D,2281
2283,TA41A,G121E,2282
2284,TA41A,G121F,2283
2285,TA41A,G121H,2284
2286,TA41A,G121I,2285
2287,TA41A,G121K,2286
2288,TA41A,G121L,2287
2289,TA41A,G121M,2288
2290,TA41A,G121N,2289
2291,TA41A,G121P,2290
2292,TA41A,G121Q,2291
2293,TA41A,G121R,2292
2294,TA41A,G121S,2293
2295,TA41A,G121T,2294
2296,TA41A,G121V,2295
2297,TA41A,G121W,2296
2298,TA41A,G121Y,2297
2299,TA41A,L122A,2298
2300,TA41A,L122C,2299
2301,TA41A,L122D,2300
2302,TA41A,L122E,2301
2303,TA41A,L122F,2302
2304,TA41A,L122G,2303
2305,TA41A,L122H,2304
2306,TA41A,L122I,2305
2307,TA41A,L122K,2306
2308,TA41A,L122M,2307
2309,TA41A,L122N,2308
2310,TA41A,L122P,2309
2311,TA41A,L122Q,2310
2312,TA41A,L122R,2311
2313,TA41A,L122S,2312
2314,TA41A,L122T,2313
2315,TA41A,L122V,2314
2316,TA41A,L122W,2315
2317,TA41A,L122Y,2316
2318,TA41A,K123A,2317
2319,TA41A,K123C,2318
2320,TA41A,K123D,2319
2321,TA41A,K123E,2320
2322,TA41A,K123F,2321
2323,TA41A,K123G,2322
2324,TA41A,K123H,2323
2325,TA41A,K123I,2324
2326,TA41A,K123L,2325
2327,TA41A,K123M,2326
2328,TA41A,K123N,2327
2329,TA41A,K123P,2328
2330,TA41A,K123Q,2329
2331,TA41A,K123R,2330
2332,TA41A,K123S,2331
2333,TA41A,K123T,2332
2334,TA41A,K123V,2333
2335,TA41A,K123W,2334
2336,TA41A,K123Y,2335
2337,TA41A,Q124A,2336
2338,TA41A,Q124C,2337
2339,TA41A,Q124D,2338
2340,TA41A,Q124E,2339
2341,TA41A,Q124F,2340
2342,TA41A,Q124G,2341
2343,TA41A,Q124H,2342
2344,TA41A,Q124I,2343
2345,TA41A,Q124K,2344
2346,TA41A,Q124L,2345
2347,TA41A,Q124M,2346
2348,TA41A,Q124N,2347
2349,TA41A,Q124P,2348
2350,TA41A,Q124R,2349
2351,TA41A,Q124S,2350
2352,TA41A,Q124T,2351
2353,TA41A,Q124V,2352
2354,TA41A,Q124W,2353
2355,TA41A,Q124Y,2354
2356,TA41A,V125A,2355
2357,TA41A,V125C,2356
2358,TA41A,V125D,2357
2359,TA41A,V125E,2358
2360,TA41A,V125F,2359
2361,TA41A,V125G,2360
2362,TA41A,V125H,2361
2363,TA41A,V125I,2362
2364,TA41A,V125K,2363
2365,TA41A,V125L,2364
2366,TA41A,V125M,2365
2367,TA41A,V125N,2366
2368,TA41A,V125P,2367
2369,TA41A,V125Q,2368
2370,TA41A,V125R,2369
2371,TA41A,V125S,2370
2372,TA41A,V125T,2371
2373,TA41A,V125W,2372
2374,TA41A,V125Y,2373
2375,TA41A,R126A,2374
2376,TA41A,R126C,2375
2377,TA41A,R126D,2376
2378,TA41A,R126E,2377
2379,TA41A,R126F,2378
2380,TA41A,R126G,2379
2381,TA41A,R126H,2380
2382,TA41A,R126I,2381
2383,TA41A,R126K,2382
2384,TA41A,R126L,2383
2385,TA41A,R126M,2384
2386,TA41A,R126N,2385
2387,TA41A,R126P,2386
2388,TA41A,R126Q,2387
2389,TA41A,R126S,2388
2390,TA41A,R126T,2389
2391,TA41A,R126V,2390
2392,TA41A,R126W,2391
2393,TA41A,R126Y,2392
2394,TA41A,G127A,2393
2395,TA41A,G127C,2394
2396,TA41A,G127D,2395
2397,TA41A,G127E,2396
2398,TA41A,G127F,2397
2399,TA41A,G127H,2398
2400,TA41A,G127I,2399
2401,TA41A,G127K,2400
2402,TA41A,G127L,2401
2403,TA41A,G127M,2402
2404,TA41A,G127N,2403
2405,TA41A,G127P,2404
2406,TA41A,G127Q,2405
2407,TA41A,G127R,2406
2408,TA41A,G127S,2407
2409,TA41A,G127T,2408
2410,TA41A,G127V,2409
2411,TA41A,G127W,2410
2412,TA41A,G127Y,2411
2413,TA41A,N128A,2412
2414,TA41A,N128C,2413
2415,TA41A,N128D,2414
2416,TA41A,N128E,2415
2417,TA41A,N128F,2416
2418,TA41A,N128G,2417
2419,TA41A,N128H,2418
2420,TA41A,N128I,2419
2421,TA41A,N128K,2420
2422,TA41A,N128L,2421
2423,TA41A,N128M,2422
2424,TA41A,N128P,2423
2425,TA41A,N128Q,2424
2426,TA41A,N128R,2425
2427,TA41A,N128S,2426
2428,TA41A,N128T,2427
2429,TA41A,N128V,2428
2430,TA41A,N128W,2429
2431,TA41A,N128Y,2430
2432,TA41A,R129A,2431
2433,TA41A,R129C,2432
2434,TA41A,R129D,2433
2435,TA41A,R129E,2434
2436,TA41A,R129F,2435
2437,TA41A,R129G,2436
2438,TA41A,R129H,2437
2439,TA41A,R129I,2438
2440,TA41A,R129K,2439
2441,TA41A,R129L,2440
2442,TA41A,R129M,2441
2443,TA41A,R129N,2442
2444,TA41A,R129P,2443
2445,TA41A,R129Q,2444
2446,TA41A,R129S,2445
2447,TA41A,R129T,2446
2448,TA41A,R129V,2447
2449,TA41A,R129W,2448
2450,TA41A,R129Y,2449
2451,TA41A,P130A,2450
2452,TA41A,P130C,2451
2453,TA41A,P130D,2452
2454,TA41A,P130E,2453
2455,TA41A,P130F,2454
2456,TA41A,P130G,2455
2457,TA41A,P130H,2456
2458,TA41A,P130I,2457
2459,TA41A,P130K,2458
2460,TA41A,P130L,2459
2461,TA41A,P130M,2460
2462,TA41A,P130N,2461
2463,TA41A,P130Q,2462
2464,TA41A,P130R,2463
2465,TA41A,P130S,2464
2466,TA41A,P130T,2465
2467,TA41A,P130V,2466
2468,TA41A,P130W,2467
2469,TA41A,P130Y,2468
2470,TA41A,E131A,2469
2471,TA41A,E131C,2470
2472,TA41A,E131D,2471
2473,TA41A,E131F,2472
2474,TA41A,E131G,2473
2475,TA41A,E131H,2474
2476,TA41A,E131I,2475
2477,TA41A,E131K,2476
2478,TA41A,E131L,2477
2479,TA41A,E131M,2478
2480,TA41A,E131N,2479
2481,TA41A,E131P,2480
2482,TA41A,E131Q,2481
2483,TA41A,E131R,2482
2484,TA41A,E131S,2483
2485,TA41A,E131T,2484
2486,TA41A,E131V,2485
2487,TA41A,E131W,2486
2488,TA41A,E131Y,2487
2489,TA41A,D132A,2488
2490,TA41A,D132C,2489
2491,TA41A,D132E,2490
2492,TA41A,D132F,2491
2493,TA41A,D132G,2492
2494,TA41A,D132H,2493
2495,TA41A,D132I,2494
2496,TA41A,D132K,2495
2497,TA41A,D132L,2496
2498,TA41A,D132M,2497
2499,TA41A,D132N,2498
2500,TA41A,D132P,2499
2501,TA41A,D132Q,2500
2502,TA41A,D132R,2501
2503,TA41A,D132S,2502
2504,TA41A,D132T,2503
2505,TA41A,D132V,2504
2506,TA41A,D132W,2505
2507,TA41A,D132Y,2506
2508,TA41A,L133A,2507
2509,TA41A,L133C,2508
2510,TA41A,L133D,2509
2511,TA41A,L133E,2510
2512,TA41A,L133F,2511
2513,TA41A,L133G,2512
2514,TA41A,L133H,2513
2515,TA41A,L133I,2514
2516,TA41A,L133K,2515
2517,TA41A,L133M,2516
2518,TA41A,L133N,2517
2519,TA41A,L133P,2518
2520,TA41A,L133Q,2519
2521,TA41A,L133R,2520
2522,TA41A,L133S,2521
2523,TA41A,L133T,2522
2524,TA41A,L133V,2523
2525,TA41A,L133W,2524
2526,TA41A,L133Y,2525
2527,TA41A,T134A,2526
2528,TA41A,T134C,2527
2529,TA41A,T134D,2528
2530,TA41A,T134E,2529
2531,TA41A,T134F,2530
2532,TA41A,T134G,2531
2533,TA41A,T134H,2532
2534,TA41A,T134I,2533
2535,TA41A,T134K,2534
2536,TA41A,T134L,2535
2537,TA41A,T134M,2536
2538,TA41A,T134N,2537
2539,TA41A,T134P,2538
2540,TA41A,T134Q,2539
2541,TA41A,T134R,2540
2542,TA41A,T134S,2541
2543,TA41A,T134V,2542
2544,TA41A,T134W,2543
2545,TA41A,T134Y,2544
2546,TA41A,N135A,2545
2547,TA41A,N135C,2546
2548,TA41A,N135D,2547
2549,TA41A,N135E,2548
2550,TA41A,N135F,2549
2551,TA41A,N135G,2550
2552,TA41A,N135H,2551
2553,TA41A,N135I,2552
2554,TA41A,N135K,2553
2555,TA41A,N135L,2554
2556,TA41A,N135M,2555
2557,TA41A,N135P,2556
2558,TA41A,N135Q,2557
2559,TA41A,N135R,2558
2560,TA41A,N135S,2559
2561,TA41A,N135T,2560
2562,TA41A,N135V,2561
2563,TA41A,N135W,2562
2564,TA41A,N135Y,2563
2565,TA41A,N136A,2564
2566,TA41A,N136C,2565
2567,TA41A,N136D,2566
2568,TA41A,N136E,2567
2569,TA41A,N136F,2568
2570,TA41A,N136G,2569
2571,TA41A,N136H,2570
2572,TA41A,N136I,2571
2573,TA41A,N136K,2572
2574,TA41A,N136L,2573
2575,TA41A,N136M,2574
2576,TA41A,N136P,2575
2577,TA41A,N136Q,2576
2578,TA41A,N136R,2577
2579,TA41A,N136S,2578
2580,TA41A,N136T,2579
2581,TA41A,N136V,2580
2582,TA41A,N136W,2581
2583,TA41A,N136Y,2582
2584,TA41A,L137A,2583
2585,TA41A,L137C,2584
2586,TA41A,L137D,2585
2587,TA41A,L137E,2586
2588,TA41A,L137F,2587
2589,TA41A,L137G,2588
2590,TA41A,L137H,2589
2591,TA41A,L137I,2590
2592,TA41A,L137K,2591
2593,TA41A,L137M,2592
2594,TA41A,L137N,2593
2595,TA41A,L137P,2594
2596,TA41A,L137Q,2595
2597,TA41A,L137R,2596
2598,TA41A,L137S,2597
2599,TA41A,L137T,2598
2600,TA41A,L137V,2599
2601,TA41A,L137W,2600
2602,TA41A,L137Y,2601
2603,TA41A,Y138A,2602
2604,TA41A,Y138C,2603
2605,TA41A,Y138D,2604
2606,TA41A,Y138E,2605
2607,TA41A,Y138F,2606
2608,TA41A,Y138G,2607
2609,TA41A,Y138H,2608
2610,TA41A,Y138I,2609
2611,TA41A,Y138K,2610
2612,TA41A,Y138L,2611
2613,TA41A,Y138M,2612
2614,TA41A,Y138N,2613
2615,TA41A,Y138P,2614
2616,TA41A,Y138Q,2615
2617,TA41A,Y138R,2616
2618,TA41A,Y138S,2617
2619,TA41A,Y138T,2618
2620,TA41A,Y138V,2619
2621,TA41A,Y138W,2620
2622,TA41A,M139A,2621
2623,TA41A,M139C,2622
2624,TA41A,M139D,2623
2625,TA41A,M139E,2624
2626,TA41A,M139F,2625
2627,TA41A,M139G,2626
2628,TA41A,M139H,2627
2629,TA41A,M139I,2628
2630,TA41A,M139K,2629
2631,TA41A,M139L,2630
2632,TA41A,M139N,2631
2633,TA41A,M139P,2632
2634,TA41A,M139Q,2633
2635,TA41A,M139R,2634
2636,TA41A,M139S,2635
2637,TA41A,M139T,2636
2638,TA41A,M139V,2637
2639,TA41A,M139W,2638
2640,TA41A,M139Y,2639
2641,TA41A,F140A,2640
2642,TA41A,F140C,2641
2643,TA41A,F140D,2642
2644,TA41A,F140E,2643
2645,TA41A,F140G,2644
2646,TA41A,F140H,2645
2647,TA41A,F140I,2646
2648,TA41A,F140K,2647
2649,TA41A,F140L,2648
2650,TA41A,F140M,2649
2651,TA41A,F140N,2650
2652,TA41A,F140P,2651
2653,TA41A,F140Q,2652
2654,TA41A,F140R,2653
2655,TA41A,F140S,2654
2656,TA41A,F140T,2655
2657,TA41A,F140V,2656
2658,TA41A,F140W,2657
2659,TA41A,F140Y,2658
2660,TA41A,I141A,2659
2661,TA41A,I141C,2660
2662,TA41A,I141D,2661
2663,TA41A,I141E,2662
2664,TA41A,I141F,2663
2665,TA41A,I141G,2664
2666,TA41A,I141H,2665
2667,TA41A,I141K,2666
2668,TA41A,I141L,2667
2669,TA41A,I141M,2668
2670,TA41A,I141N,2669
2671,TA41A,I141P,2670
2672,TA41A,I141Q,2671
2673,TA41A,I141R,2672
2674,TA41A,I141S,2673
2675,TA41A,I141T,2674
2676,TA41A,I141V,2675
2677,TA41A,I141W,2676
2678,TA41A,I141Y,2677
2679,TA41A,S142A,2678
2680,TA41A,S142C,2679
2681,TA41A,S142D,2680
2682,TA41A,S142E,2681
2683,TA41A,S142F,2682
2684,TA41A,S142G,2683
2685,TA41A,S142H,2684
2686,TA41A,S142I,2685
2687,TA41A,S142K,2686
2688,TA41A,S142L,2687
2689,TA41A,S142M,2688
2690,TA41A,S142N,2689
2691,TA41A,S142P,2690
2692,TA41A,S142Q,2691
2693,TA41A,S142R,2692
2694,TA41A,S142T,2693
2695,TA41A,S142V,2694
2696,TA41A,S142W,2695
2697,TA41A,S142Y,2696
2698,TA41A,P143A,2697
2699,TA41A,P143C,2698
2700,TA41A,P143D,2699
2701,TA41A,P143E,2700
2702,TA41A,P143F,2701
2703,TA41A,P143G,2702
2704,TA41A,P143H,2703
2705,TA41A,P143I,2704
2706,TA41A,P143K,2705
2707,TA41A,P143L,2706
2708,TA41A,P143M,2707
2709,TA41A,P143N,2708
2710,TA41A,P143Q,2709
2711,TA41A,P143R,2710
2712,TA41A,P143S,2711
2713,TA41A,P143T,2712
2714,TA41A,P143V,2713
2715,TA41A,P143W,2714
2716,TA41A,P143Y,2715
2717,TA41A,Y144A,2716
2718,TA41A,Y144C,2717
2719,TA41A,Y144D,2718
2720,TA41A,Y144E,2719
2721,TA41A,Y144F,2720
2722,TA41A,Y144G,2721
2723,TA41A,Y144H,2722
2724,TA41A,Y144I,2723
2725,TA41A,Y144K,2724
2726,TA41A,Y144L,2725
2727,TA41A,Y144M,2726
2728,TA41A,Y144N,2727
2729,TA41A,Y144P,2728
2730,TA41A,Y144Q,2729
2731,TA41A,Y144R,2730
2732,TA41A,Y144S,2731
2733,TA41A,Y144T,2732
2734,TA41A,Y144V,2733
2735,TA41A,Y144W,2734
2736,TA41A,V145A,2735
2737,TA41A,V145C,2736
2738,TA41A,V145D,2737
2739,TA41A,V145E,2738
2740,TA41A,V145F,2739
2741,TA41A,V145G,2740
2742,TA41A,V145H,2741
2743,TA41A,V145I,2742
2744,TA41A,V145K,2743
2745,TA41A,V145L,2744
2746,TA41A,V145M,2745
2747,TA41A,V145N,2746
2748,TA41A,V145P,2747
2749,TA41A,V145Q,2748
2750,TA41A,V145R,2749
2751,TA41A,V145S,2750
2752,TA41A,V145T,2751
2753,TA41A,V145W,2752
2754,TA41A,V145Y,2753
2755,TA41A,W146A,2754
2756,TA41A,W146C,2755
2757,TA41A,W146D,2756
2758,TA41A,W146E,2757
2759,TA41A,W146F,2758
2760,TA41A,W146G,2759
2761,TA41A,W146H,2760
2762,TA41A,W146I,2761
2763,TA41A,W146K,2762
2764,TA41A,W146L,2763
2765,TA41A,W146M,2764
2766,TA41A,W146N,2765
2767,TA41A,W146P,2766
2768,TA41A,W146Q,2767
2769,TA41A,W146R,2768
2770,TA41A,W146S,2769
2771,TA41A,W146T,2770
2772,TA41A,W146V,2771
2773,TA41A,W146Y,2772
2774,TA41A,V147A,2773
2775,TA41A,V147C,2774
2776,TA41A,V147D,2775
2777,TA41A,V147E,2776
2778,TA41A,V147F,2777
2779,TA41A,V147G,2778
2780,TA41A,V147H,2779
2781,TA41A,V147I,2780
2782,TA41A,V147K,2781
2783,TA41A,V147L,2782
2784,TA41A,V147M,2783
2785,TA41A,V147N,2784
2786,TA41A,V147P,2785
2787,TA41A,V147Q,2786
2788,TA41A,V147R,2787
2789,TA41A,V147S,2788
2790,TA41A,V147T,2789
2791,TA41A,V147W,2790
2792,TA41A,V147Y,2791
2793,TA41A,V148A,2792
2794,TA41A,V148C,2793
2795,TA41A,V148D,2794
2796,TA41A,V148E,2795
2797,TA41A,V148F,2796
2798,TA41A,V148G,2797
2799,TA41A,V148H,2798
2800,TA41A,V148I,2799
2801,TA41A,V148K,2800
2802,TA41A,V148L,2801
2803,TA41A,V148M,2802
2804,TA41A,V148N,2803
2805,TA41A,V148P,2804
2806,TA41A,V148Q,2805
2807,TA41A,V148R,2806
2808,TA41A,V148S,2807
2809,TA41A,V148T,2808
2810,TA41A,V148W,2809
2811,TA41A,V148Y,2810
2812,TA41A,S149A,2811
2813,TA41A,S149C,2812
2814,TA41A,S149D,2813
2815,TA41A,S149E,2814
2816,TA41A,S149F,2815
2817,TA41A,S149G,2816
2818,TA41A,S149H,2817
2819,TA41A,S149I,2818
2820,TA41A,S149K,2819
2821,TA41A,S149L,2820
2822,TA41A,S149M,2821
2823,TA41A,S149N,2822
2824,TA41A,S149P,2823
2825,TA41A,S149Q,2824
2826,TA41A,S149R,2825
2827,TA41A,S149T,2826
2828,TA41A,S149V,2827
2829,TA41A,S149W,2828
2830,TA41A,S149Y,2829
2831,TA41A,P150A,2830
2832,TA41A,P150C,2831
2833,TA41A,P150D,2832
2834,TA41A,P150E,2833
2835,TA41A,P150F,2834
2836,TA41A,P150G,2835
2837,TA41A,P150H,2836
2838,TA41A,P150I,2837
2839,TA41A,P150K,2838
2840,TA41A,P150L,2839
2841,TA41A,P150M,2840
2842,TA41A,P150N,2841
2843,TA41A,P150Q,2842
2844,TA41A,P150R,2843
2845,TA41A,P150S,2844
2846,TA41A,P150T,2845
2847,TA41A,P150V,2846
2848,TA41A,P150W,2847
2849,TA41A,P150Y,2848
2850,TA41A,E151A,2849
2851,TA41A,E151C,2850
2852,TA41A,E151D,2851
2853,TA41A,E151F,2852
2854,TA41A,E151G,2853
2855,TA41A,E151H,2854
2856,TA41A,E151I,2855
2857,TA41A,E151K,2856
2858,TA41A,E151L,2857
2859,TA41A,E151M,2858
2860,TA41A,E151N,2859
2861,TA41A,E151P,2860
2862,TA41A,E151Q,2861
2863,TA41A,E151R,2862
2864,TA41A,E151S,2863
2865,TA41A,E151T,2864
2866,TA41A,E151V,2865
2867,TA41A,E151W,2866
2868,TA41A,E151Y,2867
2869,TA41A,M152A,2868
2870,TA41A,M152C,2869
2871,TA41A,M152D,2870
2872,TA41A,M152E,2871
2873,TA41A,M152F,2872
2874,TA41A,M152G,2873
2875,TA41A,M152H,2874
2876,TA41A,M152I,2875
2877,TA41A,M152K,2876
2878,TA41A,M152L,2877
2879,TA41A,M152N,2878
2880,TA41A,M152P,2879
2881,TA41A,M152Q,2880
2882,TA41A,M152R,2881
2883,TA41A,M152S,2882
2884,TA41A,M152T,2883
2885,TA41A,M152V,2884
2886,TA41A,M152W,2885
2887,TA41A,M152Y,2886
2888,TA41A,Q153A,2887
2889,TA41A,Q153C,2888
2890,TA41A,Q153D,2889
2891,TA41A,Q153E,2890
2892,TA41A,Q153F,2891
2893,TA41A,Q153G,2892
2894,TA41A,Q153H,2893
2895,TA41A,Q153I,2894
2896,TA41A,Q153K,2895
2897,TA41A,Q153L,2896
2898,TA41A,Q153M,2897
2899,TA41A,Q153N,2898
2900,TA41A,Q153P,2899
2901,TA41A,Q153R,2900
2902,TA41A,Q153S,2901
2903,TA41A,Q153T,2902
2904,TA41A,Q153V,2903
2905,TA41A,Q153W,2904
2906,TA41A,Q153Y,2905
2907,TA41A,R154A,2906
2908,TA41A,R154C,2907
2909,TA41A,R154D,2908
2910,TA41A,R154E,2909
2911,TA41A,R154F,2910
2912,TA41A,R154G,2911
2913,TA41A,R154H,2912
2914,TA41A,R154I,2913
2915,TA41A,R154K,2914
2916,TA41A,R154L,2915
2917,TA41A,R154M,2916
2918,TA41A,R154N,2917
2919,TA41A,R154P,2918
2920,TA41A,R154Q,2919
2921,TA41A,R154S,2920
2922,TA41A,R154T,2921
2923,TA41A,R154V,2922
2924,TA41A,R154W,2923
2925,TA41A,R154Y,2924
2926,TA41A,T155A,2925
2927,TA41A,T155C,2926
2928,TA41A,T155D,2927
2929,TA41A,T155E,2928
2930,TA41A,T155F,2929
2931,TA41A,T155G,2930
2932,TA41A,T155H,2931
2933,TA41A,T155I,2932
2934,TA41A,T155K,2933
2935,TA41A,T155L,2934
2936,TA41A,T155M,2935
2937,TA41A,T155N,2936
2938,TA41A,T155P,2937
2939,TA41A,T155Q,2938
2940,TA41A,T155R,2939
2941,TA41A,T155S,2940
2942,TA41A,T155V,2941
2943,TA41A,T155W,2942
2944,TA41A,T155Y,2943
2945,TA41A,G156A,2944
2946,TA41A,G156C,2945
2947,TA41A,G156D,2946
2948,TA41A,G156E,2947
2949,TA41A,G156F,2948
2950,TA41A,G156H,2949
2951,TA41A,G156I,2950
2952,TA41A,G156K,2951
2953,TA41A,G156L,2952
2954,TA41A,G156M,2953
2955,TA41A,G156N,2954
2956,TA41A,G156P,2955
2957,TA41A,G156Q,2956
2958,TA41A,G156R,2957
2959,TA41A,G156S,2958
2960,TA41A,G156T,2959
2961,TA41A,G156V,2960
2962,TA41A,G156W,2961
2963,TA41A,G156Y,2962
2964,TA41A,A157C,2963
2965,TA41A,A157D,2964
2966,TA41A,A157E,2965
2967,TA41A,A157F,2966
2968,TA41A,A157G,2967
2969,TA41A,A157H,2968
2970,TA41A,A157I,2969
2971,TA41A,A157K,2970
2972,TA41A,A157L,2971
2973,TA41A,A157M,2972
2974,TA41A,A157N,2973
2975,TA41A,A157P,2974
2976,TA41A,A157Q,2975
2977,TA41A,A157R,2976
2978,TA41A,A157S,2977
2979,TA41A,A157T,2978
2980,TA41A,A157V,2979
2981,TA41A,A157W,2980
2982,TA41A,A157Y,2981
2983,TA41A,P158A,2982
2984,TA41A,P158C,2983
2985,TA41A,P158D,2984
2986,TA41A,P158E,2985
2987,TA41A,P158F,2986
2988,TA41A,P158G,2987
2989,TA41A,P158H,2988
2990,TA41A,P158I,2989
2991,TA41A,P158K,2990
2992,TA41A,P158L,2991
2993,TA41A,P158M,2992
2994,TA41A,P158N,2993
2995,TA41A,P158Q,2994
2996,TA41A,P158R,2995
2997,TA41A,P158S,2996
2998,TA41A,P158T,2997
