2999,TA41A,P158V,0
3000,TA41A,P158W,0
3001,TA41A,P158Y,0
3002,TA41A,A159C,0
3003,TA41A,A159D,0
3004,TA41A,A159E,0
3005,TA41A,A159F,0
3006,TA41A,A159G,0
3007,TA41A,A159H,0
3008,TA41A,A159I,0
3009,TA41A,A159K,0
3010,TA41A,A159L,0
3011,TA41A,A159M,0
3012,TA41A,A159N,0
3013,TA41A,A159P,0
3014,TA41A,A159Q,0
3015,TA41A,A159R,0
3016,TA41A,A159S,0
3017,TA41A,A159T,0
3018,TA41A,A159V,0
3019,TA41A,A159W,0
3020,TA41A,A159Y,0
3021,TA41A,I160A,0
3022,TA41A,I160C,0
3023,TA41A,I160D,0
3024,TA41A,I160E,0
3025,TA41A,I160F,0
3026,TA41A,I160G,0
3027,TA41A,I160H,0
3028,TA41A,I160K,0
3029,TA41A,I160L,0
3030,TA41A,I160M,0
3031,TA41A,I160N,0
3032,TA41A,I160P,0
3033,TA41A,I160Q,0
3034,TA41A,I160R,0
3035,TA41A,I160S,0
3036,TA41A,I160T,0
3037,TA41A,I160V,0
3038,TA41A,I160W,0
3039,TA41A,I160Y,0
3040,TA41A,V161A,0
3041,TA41A,V161C,0
3042,TA41A,V161D,0
3043,TA41A,V161E,0
3044,TA41A,V161F,0
3045,TA41A,V161G,0
3046,TA41A,V161H,0
3047,TA41A,V161I,0
3048,TA41A,V161K,0
3049,TA41A,V161L,0
3050,TA41A,V161M,0
3051,TA41A,V161N,0
3052,TA41A,V161P,0
3053,TA41A,V161Q,0
3054,TA41A,V161R,0
3055,TA41A,V161S,0
3056,TA41A,V161T,0
3057,TA41A,V161W,0
3058,TA41A,V161Y,0
3059,TA41A,T162A,0
3060,TA41A,T162C,0
3061,TA41A,T162D,0
3062,TA41A,T162E,0
3063,TA41A,T162F,0
3064,TA41A,T162G,0
3065,TA41A,T162H,0
3066,TA41A,T162I,0
3067,TA41A,T162K,0
3068,TA41A,T162L,0
3069,TA41A,T162M,0
3070,TA41A,T162N,0
3071,TA41A,T162P,0
3072,TA41A,T162Q,0
3073,TA41A,T162R,0
3074,TA41A,T162S,0
3075,TA41A,T162V,0
3076,TA41A,T162W,0
3077,TA41A,T162Y,0
3078,TA41A,R163A,0
3079,TA41A,R163C,0
3080,TA41A,R163D,0
3081,TA41A,R163E,0
3082,TA41A,R163F,0
3083,TA41A,R163G,0
3084,TA41A,R163H,0
3085,TA41A,R163I,0
3086,TA41A,R163K,0
3087,TA41A,R163L,0
3088,TA41A,R163M,0
3089,TA41A,R163N,0
3090,TA41A,R163P,0
3091,TA41A,R163Q,0
3092,TA41A,R163S,0
3093,TA41A,R163T,0
3094,TA41A,R163V,0
3095,TA41A,R163W,0
3096,TA41A,R163Y,0
3097,TA41A,T164A,0
3098,TA41A,T164C,0
3099,TA41A,T164D,0
3100,TA41A,T164E,0
3101,TA41A,T164F,0
3102,TA41A,T164G,0
3103,TA41A,T164H,0
3104,TA41A,T164I,0
3105,TA41A,T164K,0
3106,TA41A,T164L,0
3107,TA41A,T164M,0
3108,TA41A,T164N,0
3109,TA41A,T164P,0
3110,TA41A,T164Q,0
3111,TA41A,T164R,0
3112,TA41A,T164S,0
3113,TA41A,T164V,0
3114,TA41A,T164W,0
3115,TA41A,T164Y,0
3116,TA41A,V165A,0
3117,TA41A,V165C,0
3118,TA41A,V165D,0
3119,TA41A,V165E,0
3120,TA41A,V165F,0
3121,TA41A,V165G,0
3122,TA41A,V165H,0
3123,TA41A,V165I,0
3124,TA41A,V165K,0
3125,TA41A,V165L,0
3126,TA41A,V165M,0
3127,TA41A,V165N,0
3128,TA41A,V165P,0
3129,TA41A,V165Q,0
3130,TA41A,V165R,0
3131,TA41A,V165S,0
3132,TA41A,V165T,0
3133,TA41A,V165W,0
3134,TA41A,V165Y,0
3135,TA41A,R166A,0
3136,TA41A,R166C,0
3137,TA41A,R166D,0
3138,TA41A,R166E,0
3139,TA41A,R166F,0
3140,TA41A,R166G,0
3141,TA41A,R166H,0
3142,TA41A,R166I,0
3143,TA41A,R166K,0
3144,TA41A,R166L,0
3145,TA41A,R166M,0
3146,TA41A,R166N,0
3147,TA41A,R166P,0
3148,TA41A,R166Q,0
3149,TA41A,R166S,0
3150,TA41A,R166T,0
3151,TA41A,R166V,0
3152,TA41A,R166W,0
3153,TA41A,R166Y,0
3154,TA41A,R167A,0
3155,TA41A,R167C,0
3156,TA41A,R167D,0
3157,TA41A,R167E,0
3158,TA41A,R167F,0
3159,TA41A,R167G,0
3160,TA41A,R167H,0
3161,TA41A,R167I,0
3162,TA41A,R167K,0
3163,TA41A,R167L,0
3164,TA41A,R167M,0
3165,TA41A,R167N,0
3166,TA41A,R167P,0
3167,TA41A,R167Q,0
3168,TA41A,R167S,0
3169,TA41A,R167T,0
3170,TA41A,R167V,0
3171,TA41A,R167W,0
3172,TA41A,R167Y,0
3173,TA41A,T168A,0
3174,TA41A,T168C,0
3175,TA41A,T168D,0
3176,TA41A,T168E,0
3177,TA41A,T168F,0
3178,TA41A,T168G,0
3179,TA41A,T168H,0
3180,TA41A,T168I,0
3181,TA41A,T168K,0
3182,TA41A,T168L,0
3183,TA41A,T168M,0
3184,TA41A,T168N,0
3185,TA41A,T168P,0
3186,TA41A,T168Q,0
3187,TA41A,T168R,0
3188,TA41A,T168S,0
3189,TA41A,T168V,0
3190,TA41A,T168W,0
3191,TA41A,T168Y,0
3192,TA41A,P169A,0
3193,TA41A,P169C,0
3194,TA41A,P169D,0
3195,TA41A,P169E,0
3196,TA41A,P169F,0
3197,TA41A,P169G,0
3198,TA41A,P169H,0
3199,TA41A,P169I,0
3200,TA41A,P169K,0
3201,TA41A,P169L,0
3202,TA41A,P169M,0
3203,TA41A,P169N,0
3204,TA41A,P169Q,0
3205,TA41A,P169R,0
3206,TA41A,P169S,0
3207,TA41A,P169T,0
3208,TA41A,P169V,0
3209,TA41A,P169W,0
3210,TA41A,P169Y,0
3211,TA41A,P170A,0
3212,TA41A,P170C,0
3213,TA41A,P170D,0
3214,TA41A,P170E,0
3215,TA41A,P170F,0
3216,TA41A,P170G,0
3217,TA41A,P170H,0
3218,TA41A,P170I,0
3219,TA41A,P170K,0
3220,TA41A,P170L,0
3221,TA41A,P170M,0
3222,TA41A,P170N,0
3223,TA41A,P170Q,0
3224,TA41A,P170R,0
3225,TA41A,P170S,0
3226,TA41A,P170T,0
3227,TA41A,P170V,0
3228,TA41A,P170W,0
3229,TA41A,P170Y,0
3230,TA41A,G171A,0
3231,TA41A,G171C,0
3232,TA41A,G171D,0
3233,TA41A,G171E,0
3234,TA41A,G171F,0
3235,TA41A,G171H,0
3236,TA41A,G171I,0
3237,TA41A,G171K,0
3238,TA41A,G171L,0
3239,TA41A,G171M,0
3240,TA41A,G171N,0
3241,TA41A,G171P,0
3242,TA41A,G171Q,0
3243,TA41A,G171R,0
3244,TA41A,G171S,0
3245,TA41A,G171T,0
3246,TA41A,G171V,0
3247,TA41A,G171W,0
3248,TA41A,G171Y,0
3249,TA41A,A172C,0
3250,TA41A,A172D,0
3251,TA41A,A172E,0
3252,TA41A,A172F,0
3253,TA41A,A172G,0
3254,TA41A,A172H,0
3255,TA41A,A172I,0
3256,TA41A,A172K,0
3257,TA41A,A172L,0
3258,TA41A,A172M,0
3259,TA41A,A172N,0
3260,TA41A,A172P,0
3261,TA41A,A172Q,0
3262,TA41A,A172R,0
3263,TA41A,A172S,0
3264,TA41A,A172T,0
3265,TA41A,A172V,0
3266,TA41A,A172W,0
3267,TA41A,A172Y,0
3268,TA41A,F173A,0
3269,TA41A,F173C,0
3270,TA41A,F173D,0
3271,TA41A,F173E,0
3272,TA41A,F173G,0
3273,TA41A,F173H,0
3274,TA41A,F173I,0
3275,TA41A,F173K,0
3276,TA41A,F173L,0
3277,TA41A,F173M,0
3278,TA41A,F173N,0
3279,TA41A,F173P,0
3280,TA41A,F173Q,0
3281,TA41A,F173R,0
3282,TA41A,F173S,0
3283,TA41A,F173T,0
3284,TA41A,F173V,0
3285,TA41A,F173W,0
3286,TA41A,F173Y,0
3287,TA41A,D174A,0
3288,TA41A,D174C,0
3289,TA41A,D174E,0
3290,TA41A,D174F,0
3291,TA41A,D174G,0
3292,TA41A,D174H,0
3293,TA41A,D174I,0
3294,TA41A,D174K,0
3295,TA41A,D174L,0
3296,TA41A,D174M,0
3297,TA41A,D174N,0
3298,TA41A,D174P,0
3299,TA41A,D174Q,0
3300,TA41A,D174R,0
3301,TA41A,D174S,0
3302,TA41A,D174T,0
3303,TA41A,D174V,0
3304,TA41A,D174W,0
3305,TA41A,D174Y,0
3306,TA41A,P175A,0
3307,TA41A,P175C,0
3308,TA41A,P175D,0
3309,TA41A,P175E,0
3310,TA41A,P175F,0
3311,TA41A,P175G,0
3312,TA41A,P175H,0
3313,TA41A,P175I,0
3314,TA41A,P175K,0
3315,TA41A,P175L,0
3316,TA41A,P175M,0
3317,TA41A,P175N,0
3318,TA41A,P175Q,0
3319,TA41A,P175R,0
3320,TA41A,P175S,0
3321,TA41A,P175T,0
3322,TA41A,P175V,0
3323,TA41A,P175W,0
3324,TA41A,P175Y,0
3325,TA41A,T176A,0
3326,TA41A,T176C,0
3327,TA41A,T176D,0
3328,TA41A,T176E,0
3329,TA41A,T176F,0
3330,TA41A,T176G,0
3331,TA41A,T176H,0
3332,TA41A,T176I,0
3333,TA41A,T176K,0
3334,TA41A,T176L,0
3335,TA41A,T176M,0
3336,TA41A,T176N,0
3337,TA41A,T176P,0
3338,TA41A,T176Q,0
3339,TA41A,T176R,0
3340,TA41A,T176S,0
3341,TA41A,T176V,0
3342,TA41A,T176W,0
3343,TA41A,T176Y,0
3344,TA41A,V177A,0
3345,TA41A,V177C,0
3346,TA41A,V177D,0
3347,TA41A,V177E,0
3348,TA41A,V177F,0
3349,TA41A,V177G,0
3350,TA41A,V177H,0
3351,TA41A,V177I,0
3352,TA41A,V177K,0
3353,TA41A,V177L,0
3354,TA41A,V177M,0
3355,TA41A,V177N,0
3356,TA41A,V177P,0
3357,TA41A,V177Q,0
3358,TA41A,V177R,0
3359,TA41A,V177S,0
3360,TA41A,V177T,0
3361,TA41A,V177W,0
3362,TA41A,V177Y,0
3363,TA41A,K178A,0
3364,TA41A,K178C,0
3365,TA41A,K178D,0
3366,TA41A,K178E,0
3367,TA41A,K178F,0
3368,TA41A,K178G,0
3369,TA41A,K178H,0
3370,TA41A,K178I,0
3371,TA41A,K178L,0
3372,TA41A,K178M,0
3373,TA41A,K178N,0
3374,TA41A,K178P,0
3375,TA41A,K178Q,0
3376,TA41A,K178R,0
3377,TA41A,K178S,0
3378,TA41A,K178T,0
3379,TA41A,K178V,0
3380,TA41A,K178W,0
3381,TA41A,K178Y,0
3382,TA41A,N179A,0
3383,TA41A,N179C,0
3384,TA41A,N179D,0
3385,TA41A,N179E,0
3386,TA41A,N179F,0
3387,TA41A,N179G,0
3388,TA41A,N179H,0
3389,TA41A,N179I,0
3390,TA41A,N179K,0
3391,TA41A,N179L,0
3392,TA41A,N179M,0
3393,TA41A,N179P,0
3394,TA41A,N179Q,0
3395,TA41A,N179R,0
3396,TA41A,N179S,0
3397,TA41A,N179T,0
3398,TA41A,N179V,0
3399,TA41A,N179W,0
3400,TA41A,N179Y,0
3401,TA41A,L180A,0
3402,TA41A,L180C,0
3403,TA41A,L180D,0
3404,TA41A,L180E,0
3405,TA41A,L180F,0
3406,TA41A,L180G,0
3407,TA41A,L180H,0
3408,TA41A,L180I,0
3409,TA41A,L180K,0
3410,TA41A,L180M,0
3411,TA41A,L180N,0
3412,TA41A,L180P,0
3413,TA41A,L180Q,0
3414,TA41A,L180R,0
3415,TA41A,L180S,0
3416,TA41A,L180T,0
3417,TA41A,L180V,0
3418,TA41A,L180W,0
3419,TA41A,L180Y,0
3420,TA41A,Q181A,0
3421,TA41A,Q181C,0
3422,TA41A,Q181D,0
3423,TA41A,Q181E,0
3424,TA41A,Q181F,0
3425,TA41A,Q181G,0
3426,TA41A,Q181H,0
3427,TA41A,Q181I,0
3428,TA41A,Q181K,0
3429,TA41A,Q181L,0
3430,TA41A,Q181M,0
3431,TA41A,Q181N,0
3432,TA41A,Q181P,0
3433,TA41A,Q181R,0
3434,TA41A,Q181S,0
3435,TA41A,Q181T,0
3436,TA41A,Q181V,0
3437,TA41A,Q181W,0
3438,TA41A,Q181Y,0
3439,TA41A,W182A,0
3440,TA41A,W182C,0
3441,TA41A,W182D,0
3442,TA41A,W182E,0
3443,TA41A,W182F,0
3444,TA41A,W182G,0
3445,TA41A,W182H,0
3446,TA41A,W182I,0
3447,TA41A,W182K,0
3448,TA41A,W182L,0
3449,TA41A,W182M,0
3450,TA41A,W182N,0
3451,TA41A,W182P,0
3452,TA41A,W182Q,0
3453,TA41A,W182R,0
3454,TA41A,W182S,0
3455,TA41A,W182T,0
3456,TA41A,W182V,0
3457,TA41A,W182Y,0
3458,TA41A,G183A,0
3459,TA41A,G183C,0
3460,TA41A,G183D,0
3461,TA41A,G183E,0
3462,TA41A,G183F,0
3463,TA41A,G183H,0
3464,TA41A,G183I,0
3465,TA41A,G183K,0
3466,TA41A,G183L,0
3467,TA41A,G183M,0
3468,TA41A,G183N,0
3469,TA41A,G183P,0
3470,TA41A,G183Q,0
3471,TA41A,G183R,0
3472,TA41A,G183S,0
3473,TA41A,G183T,0
3474,TA41A,G183V,0
3475,TA41A,G183W,0
3476,TA41A,G183Y,0
3477,TA41A,D184A,0
3478,TA41A,D184C,0
3479,TA41A,D184E,0
3480,TA41A,D184F,0
3481,TA41A,D184G,0
3482,TA41A,D184H,0
3483,TA41A,D184I,0
3484,TA41A,D184K,0
3485,TA41A,D184L,0
3486,TA41A,D184M,0
3487,TA41A,D184N,0
3488,TA41A,D184P,0
3489,TA41A,D184Q,0
3490,TA41A,D184R,0
3491,TA41A,D184S,0
3492,TA41A,D184T,0
3493,TA41A,D184V,0
3494,TA41A,D184W,0
3495,TA41A,D184Y,0
3496,TA41A,F185A,0
3497,TA41A,F185C,0
3498,TA41A,F185D,0
3499,TA41A,F185E,0
3500,TA41A,F185G,0
3501,TA41A,F185H,0
3502,TA41A,F185I,0
3503,TA41A,F185K,0
3504,TA41A,F185L,0
3505,TA41A,F185M,0
3506,TA41A,F185N,0
3507,TA41A,F185P,0
3508,TA41A,F185Q,0
3509,TA41A,F185R,0
3510,TA41A,F185S,0
3511,TA41A,F185T,0
3512,TA41A,F185V,0
3513,TA41A,F185W,0
3514,TA41A,F185Y,0
3515,TA41A,T186A,0
3516,TA41A,T186C,0
3517,TA41A,T186D,0
3518,TA41A,T186E,0
3519,TA41A,T186F,0
3520,TA41A,T186G,0
3521,TA41A,T186H,0
3522,TA41A,T186I,0
3523,TA41A,T186K,0
3524,TA41A,T186L,0
3525,TA41A,T186M,0
3526,TA41A,T186N,0
3527,TA41A,T186P,0
3528,TA41A,T186Q,0
3529,TA41A,T186R,0
3530,TA41A,T186S,0
3531,TA41A,T186V,0
3532,TA41A,T186W,0
3533,TA41A,T186Y,0
3534,TA41A,R187A,0
3535,TA41A,R187C,0
3536,TA41A,R187D,0
3537,TA41A,R187E,0
3538,TA41A,R187F,0
3539,TA41A,R187G,0
3540,TA41A,R187H,0
3541,TA41A,R187I,0
3542,TA41A,R187K,0
3543,TA41A,R187L,0
3544,TA41A,R187M,0
3545,TA41A,R187N,0
3546,TA41A,R187P,0
3547,TA41A,R187Q,0
3548,TA41A,R187S,0
3549,TA41A,R187T,0
3550,TA41A,R187V,0
3551,TA41A,R187W,0
3552,TA41A,R187Y,0
3553,TA41A,G188A,0
3554,TA41A,G188C,0
3555,TA41A,G188D,0
3556,TA41A,G188E,0
3557,TA41A,G188F,0
3558,TA41A,G188H,0
3559,TA41A,G188I,0
3560,TA41A,G188K,0
3561,TA41A,G188L,0
3562,TA41A,G188M,0
3563,TA41A,G188N,0
3564,TA41A,G188P,0
3565,TA41A,G188Q,0
3566,TA41A,G188R,0
3567,TA41A,G188S,0
3568,TA41A,G188T,0
3569,TA41A,G188V,0
3570,TA41A,G188W,0
3571,TA41A,G188Y,0
3572,TA41A,L189A,0
3573,TA41A,L189C,0
3574,TA41A,L189D,0
3575,TA41A,L189E,0
3576,TA41A,L189F,0
3577,TA41A,L189G,0
3578,TA41A,L189H,0
3579,TA41A,L189I,0
3580,TA41A,L189K,0
3581,TA41A,L189M,0
3582,TA41A,L189N,0
3583,TA41A,L189P,0
3584,TA41A,L189Q,0
3585,TA41A,L189R,0
3586,TA41A,L189S,0
3587,TA41A,L189T,0
3588,TA41A,L189V,0
3589,TA41A,L189W,0
3590,TA41A,L189Y,0
3591,TA41A,M190A,0
3592,TA41A,M190C,0
3593,TA41A,M190D,0
3594,TA41A,M190E,0
3595,TA41A,M190F,0
3596,TA41A,M190G,0
3597,TA41A,M190H,0
3598,TA41A,M190I,0
3599,TA41A,M190K,0
3600,TA41A,M190L,0
3601,TA41A,M190N,0
3602,TA41A,M190P,0
3603,TA41A,M190Q,0
3604,TA41A,M190R,0
3605,TA41A,M190S,0
3606,TA41A,M190T,0
3607,TA41A,M190V,0
3608,TA41A,M190W,0
3609,TA41A,M190Y,0
3610,TA41A,E191A,0
3611,TA41A,E191C,0
3612,TA41A,E191D,0
3613,TA41A,E191F,0
3614,TA41A,E191G,0
3615,TA41A,E191H,0
3616,TA41A,E191I,0
3617,TA41A,E191K,0
3618,TA41A,E191L,0
3619,TA41A,E191M,0
3620,TA41A,E191N,0
3621,TA41A,E191P,0
3622,TA41A,E191Q,0
3623,TA41A,E191R,0
3624,TA41A,E191S,0
3625,TA41A,E191T,0
3626,TA41A,E191V,0
3627,TA41A,E191W,0
3628,TA41A,E191Y,0
3629,TA41A,A192C,0
3630,TA41A,A192D,0
3631,TA41A,A192E,0
3632,TA41A,A192F,0
3633,TA41A,A192G,0
3634,TA41A,A192H,0
3635,TA41A,A192I,0
3636,TA41A,A192K,0
3637,TA41A,A192L,0
3638,TA41A,A192M,0
3639,TA41A,A192N,0
3640,TA41A,A192P,0
3641,TA41A,A192Q,0
3642,TA41A,A192R,0
3643,TA41A,A192S,0
3644,TA41A,A192T,0
3645,TA41A,A192V,0
3646,TA41A,A192W,0
3647,TA41A,A192Y,0
3648,TA41A,Q193A,0
3649,TA41A,Q193C,0
3650,TA41A,Q193D,0
3651,TA41A,Q193E,0
3652,TA41A,Q193F,0
3653,TA41A,Q193G,0
3654,TA41A,Q193H,0
3655,TA41A,Q193I,0
3656,TA41A,Q193K,0
3657,TA41A,Q193L,0
3658,TA41A,Q193M,0
3659,TA41A,Q193N,0
3660,TA41A,Q193P,0
3661,TA41A,Q193R,0
3662,TA41A,Q193S,0
3663,TA41A,Q193T,0
3664,TA41A,Q193V,0
3665,TA41A,Q193W,0
3666,TA41A,Q193Y,0
3667,TA41A,D194A,0
3668,TA41A,D194C,0
3669,TA41A,D194E,0
3670,TA41A,D194F,0
3671,TA41A,D194G,0
3672,TA41A,D194H,0
3673,TA41A,D194I,0
3674,TA41A,D194K,0
3675,TA41A,D194L,0
3676,TA41A,D194M,0
3677,TA41A,D194N,0
3678,TA41A,D194P,0
3679,TA41A,D194Q,0
3680,TA41A,D194R,0
3681,TA41A,D194S,0
3682,TA41A,D194T,0
3683,TA41A,D194V,0
3684,TA41A,D194W,0
3685,TA41A,D194Y,0
3686,TA41A,R195A,0
3687,TA41A,R195C,0
3688,TA41A,R195D,0
3689,TA41A,R195E,0
3690,TA41A,R195F,0
3691,TA41A,R195G,0
3692,TA41A,R195H,0
3693,TA41A,R195I,0
3694,TA41A,R195K,0
3695,TA41A,R195L,0
3696,TA41A,R195M,0
3697,TA41A,R195N,0
3698,TA41A,R195P,0
3699,TA41A,R195Q,0
3700,TA41A,R195S,0
3701,TA41A,R195T,0
3702,TA41A,R195V,0
3703,TA41A,R195W,0
3704,TA41A,R195Y,0
3705,TA41A,G196A,0
3706,TA41A,G196C,0
3707,TA41A,G196D,0
3708,TA41A,G196E,0
3709,TA41A,G196F,0
3710,TA41A,G196H,0
3711,TA41A,G196I,0
3712,TA41A,G196K,0
3713,TA41A,G196L,0
3714,TA41A,G196M,0
3715,TA41A,G196N,0
3716,TA41A,G196P,0
3717,TA41A,G196Q,0
3718,TA41A,G196R,0
3719,TA41A,G196S,0
3720,TA41A,G196T,0
3721,TA41A,G196V,0
3722,TA41A,G196W,0
3723,TA41A,G196Y,0
3724,TA41A,A197C,0
3725,TA41A,A197D,0
3726,TA41A,A197E,0
3727,TA41A,A197F,0
3728,TA41A,A197G,0
3729,TA41A,A197H,0
3730,TA41A,A197I,0
3731,TA41A,A197K,0
3732,TA41A,A197L,0
3733,TA41A,A197M,0
3734,TA41A,A197N,0
3735,TA41A,A197P,0
3736,TA41A,A197Q,0
3737,TA41A,A197R,0
3738,TA41A,A197S,0
3739,TA41A,A197T,0
3740,TA41A,A197V,0
3741,TA41A,A197W,0
3742,TA41A,A197Y,0
3743,TA41A,I198A,0
3744,TA41A,I198C,0
3745,TA41A,I198D,0
3746,TA41A,I198E,0
3747,TA41A,I198F,0
3748,TA41A,I198G,0
3749,TA41A,I198H,0
3750,TA41A,I198K,0
3751,TA41A,I198L,0
3752,TA41A,I198M,0
3753,TA41A,I198N,0
3754,TA41A,I198P,0
3755,TA41A,I198Q,0
3756,TA41A,I198R,0
3757,TA41A,I198S,0
3758,TA41A,I198T,0
3759,TA41A,I198V,0
3760,TA41A,I198W,0
3761,TA41A,I198Y,0
3762,TA41A,Y199A,0
3763,TA41A,Y199C,0
3764,TA41A,Y199D,0
3765,TA41A,Y199E,0
3766,TA41A,Y199F,0
3767,TA41A,Y199G,0
3768,TA41A,Y199H,0
3769,TA41A,Y199I,0
3770,TA41A,Y199K,0
3771,TA41A,Y199L,0
3772,TA41A,Y199M,0
3773,TA41A,Y199N,0
3774,TA41A,Y199P,0
3775,TA41A,Y199Q,0
3776,TA41A,Y199R,0
3777,TA41A,Y199S,0
3778,TA41A,Y199T,0
3779,TA41A,Y199V,0
3780,TA41A,Y199W,0
3781,TA41A,P200A,0
3782,TA41A,P200C,0
3783,TA41A,P200D,0
3784,TA41A,P200E,0
3785,TA41A,P200F,0
3786,TA41A,P200G,0
3787,TA41A,P200H,0
3788,TA41A,P200I,0
3789,TA41A,P200K,0
3790,TA41A,P200L,0
3791,TA41A,P200M,0
3792,TA41A,P200N,0
3793,TA41A,P200Q,0
3794,TA41A,P200R,0
3795,TA41A,P200S,0
3796,TA41A,P200T,0
3797,TA41A,P200V,0
3798,TA41A,P200W,0
3799,TA41A,P200Y,0
3800,TA41A,I201A,0
3801,TA41A,I201C,0
3802,TA41A,I201D,0
3803,TA41A,I201E,0
3804,TA41A,I201F,0
3805,TA41A,I201G,0
3806,TA41A,I201H,0
3807,TA41A,I201K,0
3808,TA41A,I201L,0
3809,TA41A,I201M,0
3810,TA41A,I201N,0
3811,TA41A,I201P,0
3812,TA41A,I201Q,0
3813,TA41A,I201R,0
3814,TA41A,I201S,0
3815,TA41A,I201T,0
3816,TA41A,I201V,0
3817,TA41A,I201W,0
3818,TA41A,I201Y,0
3819,TA41A,L202A,0
3820,TA41A,L202C,0
3821,TA41A,L202D,0
3822,TA41A,L202E,0
3823,TA41A,L202F,0
3824,TA41A,L202G,0
3825,TA41A,L202H,0
3826,TA41A,L202I,0
3827,TA41A,L202K,0
3828,TA41A,L202M,0
3829,TA41A,L202N,0
3830,TA41A,L202P,0
3831,TA41A,L202Q,0
3832,TA41A,L202R,0
3833,TA41A,L202S,0
3834,TA41A,L202T,0
3835,TA41A,L202V,0
3836,TA41A,L202W,0
3837,TA41A,L202Y,0
3838,TA41A,T203A,0
3839,TA41A,T203C,0
3840,TA41A,T203D,0
3841,TA41A,T203E,0
3842,TA41A,T203F,0
3843,TA41A,T203G,0
3844,TA41A,T203H,0
3845,TA41A,T203I,0
3846,TA41A,T203K,0
3847,TA41A,T203L,0
3848,TA41A,T203M,0
3849,TA41A,T203N,0
3850,TA41A,T203P,0
3851,TA41A,T203Q,0
3852,TA41A,T203R,0
3853,TA41A,T203S,0
3854,TA41A,T203V,0
3855,TA41A,T203W,0
3856,TA41A,T203Y,0
3857,TA41A,D204A,0
3858,TA41A,D204C,0
3859,TA41A,D204E,0
3860,TA41A,D204F,0
3861,TA41A,D204G,0
3862,TA41A,D204H,0
3863,TA41A,D204I,0
3864,TA41A,D204K,0
3865,TA41A,D204L,0
3866,TA41A,D204M,0
3867,TA41A,D204N,0
3868,TA41A,D204P,0
3869,TA41A,D204Q,0
3870,TA41A,D204R,0
3871,TA41A,D204S,0
3872,TA41A,D204T,0
3873,TA41A,D204V,0
3874,TA41A,D204W,0
3875,TA41A,D204Y,0
3876,TA41A,G205A,0
3877,TA41A,G205C,0
3878,TA41A,G205D,0
3879,TA41A,G205E,0
3880,TA41A,G205F,0
3881,TA41A,G205H,0
3882,TA41A,G205I,0
3883,TA41A,G205K,0
3884,TA41A,G205L,0
3885,TA41A,G205M,0
3886,TA41A,G205N,0
3887,TA41A,G205P,0
3888,TA41A,G205Q,0
3889,TA41A,G205R,0
3890,TA41A,G205S,0
3891,TA41A,G205T,0
3892,TA41A,G205V,0
3893,TA41A,G205W,0
3894,TA41A,G205Y,0
3895,TA41A,D206A,0
3896,TA41A,D206C,0
3897,TA41A,D206E,0
3898,TA41A,D206F,0
3899,TA41A,D206G,0
3900,TA41A,D206H,0
3901,TA41A,D206I,0
3902,TA41A,D206K,0
3903,TA41A,D206L,0
3904,TA41A,D206M,0
3905,TA41A,D206N,0
3906,TA41A,D206P,0
3907,TA41A,D206Q,0
3908,TA41A,D206R,0
3909,TA41A,D206S,0
3910,TA41A,D206T,0
3911,TA41A,D206V,0
3912,TA41A,D206W,0
3913,TA41A,D206Y,0
3914,TA41A,G207A,0
3915,TA41A,G207C,0
3916,TA41A,G207D,0
3917,TA41A,G207E,0
3918,TA41A,G207F,0
3919,TA41A,G207H,0
3920,TA41A,G207I,0
3921,TA41A,G207K,0
3922,TA41A,G207L,0
3923,TA41A,G207M,0
3924,TA41A,G207N,0
3925,TA41A,G207P,0
3926,TA41A,G207Q,0
3927,TA41A,G207R,0
3928,TA41A,G207S,0
3929,TA41A,G207T,0
3930,TA41A,G207V,0
3931,TA41A,G207W,0
3932,TA41A,G207Y,0
3933,TA41A,N208A,0
3934,TA41A,N208C,0
3935,TA41A,N208D,0
3936,TA41A,N208E,0
3937,TA41A,N208F,0
3938,TA41A,N208G,0
3939,TA41A,N208H,0
3940,TA41A,N208I,0
3941,TA41A,N208K,0
3942,TA41A,N208L,0
3943,TA41A,N208M,0
3944,TA41A,N208P,0
3945,TA41A,N208Q,0
3946,TA41A,N208R,0
3947,TA41A,N208S,0
3948,TA41A,N208T,0
3949,TA41A,N208V,0
3950,TA41A,N208W,0
3951,TA41A,N208Y,0
3952,TA41A,L209A,0
3953,TA41A,L209C,0
3954,TA41A,L209D,0
3955,TA41A,L209E,0
3956,TA41A,L209F,0
3957,TA41A,L209G,0
3958,TA41A,L209H,0
3959,TA41A,L209I,0
3960,TA41A,L209K,0
3961,TA41A,L209M,0
3962,TA41A,L209N,0
3963,TA41A,L209P,0
3964,TA41A,L209Q,0
3965,TA41A,L209R,0
3966,TA41A,L209S,0
3967,TA41A,L209T,0
3968,TA41A,L209V,0
3969,TA41A,L209W,0
3970,TA41A,L209Y,0
3971,TA41A,T210A,0
3972,TA41A,T210C,0
3973,TA41A,T210D,0
3974,TA41A,T210E,0
3975,TA41A,T210F,0
3976,TA41A,T210G,0
3977,TA41A,T210H,0
3978,TA41A,T210I,0
3979,TA41A,T210K,0
3980,TA41A,T210L,0
3981,TA41A,T210M,0
3982,TA41A,T210N,0
3983,TA41A,T210P,0
3984,TA41A,T210Q,0
3985,TA41A,T210R,0
3986,TA41A,T210S,0
3987,TA41A,T210V,0
3988,TA41A,T210W,0
3989,TA41A,T210Y,0
3990,TA41A,E211A,0
3991,TA41A,E211C,0
3992,TA41A,E211D,0
3993,TA41A,E211F,0
3994,TA41A,E211G,0
3995,TA41A,E211H,0
3996,TA41A,E211I,0
3997,TA41A,E211K,0
3998,TA41A,E211L,0
3999,TA41A,E211M,0
4000,TA41A,E211N,0
4001,TA41A,E211P,0
4002,TA41A,E211Q,0
4003,TA41A,E211R,0
4004,TA41A,E211S,0
4005,TA41A,E211T,0
4006,TA41A,E211V,0
4007,TA41A,E211W,0
4008,TA41A,E211Y,0
4009,TA41A,G212A,0
4010,TA41A,G212C,0
4011,TA41A,G212D,0
4012,TA41A,G212E,0
4013,TA41A,G212F,0
4014,TA41A,G212H,0
4015,TA41A,G212I,0
4016,TA41A,G212K,0
4017,TA41A,G212L,0
4018,TA41A,G212M,0
4019,TA41A,G212N,0
4020,TA41A,G212P,0
4021,TA41A,G212Q,0
4022,TA41A,G212R,0
4023,TA41A,G212S,0
4024,TA41A,G212T,0
4025,TA41A,G212V,0
4026,TA41A,G212W,0
4027,TA41A,G212Y,0
4028,TA41A,A213C,0
4029,TA41A,A213D,0
4030,TA41A,A213E,0
4031,TA41A,A213F,0
4032,TA41A,A213G,0
4033,TA41A,A213H,0
4034,TA41A,A213I,0
4035,TA41A,A213K,0
4036,TA41A,A213L,0
4037,TA41A,A213M,0
4038,TA41A,A213N,0
4039,TA41A,A213P,0
4040,TA41A,A213Q,0
4041,TA41A,A213R,0
4042,TA41A,A213S,0
4043,TA41A,A213T,0
4044,TA41A,A213V,0
4045,TA41A,A213W,0
4046,TA41A,A213Y,0
4047,TA41A,G214A,0
4048,TA41A,G214C,0
4049,TA41A,G214D,0
4050,TA41A,G214E,0
4051,TA41A,G214F,0
4052,TA41A,G214H,0
4053,TA41A,G214I,0
4054,TA41A,G214K,0
4055,TA41A,G214L,0
4056,TA41A,G214M,0
4057,TA41A,G214N,0
4058,TA41A,G214P,0
4059,TA41A,G214Q,0
4060,TA41A,G214R,0
4061,TA41A,G214S,0
4062,TA41A,G214T,0
4063,TA41A,G214V,0
4064,TA41A,G214W,0
4065,TA41A,G214Y,0
4066,TA41A,Y215A,0
4067,TA41A,Y215C,0
4068,TA41A,Y215D,0
4069,TA41A,Y215E,0
4070,TA41A,Y215F,0
4071,TA41A,Y215G,0
4072,TA41A,Y215H,0
4073,TA41A,Y215I,0
4074,TA41A,Y215K,0
4075,TA41A,Y215L,0
4076,TA41A,Y215M,0
4077,TA41A,Y215N,0
4078,TA41A,Y215P,0
4079,TA41A,Y215Q,0
4080,TA41A,Y215R,0
4081,TA41A,Y215S,0
4082,TA41A,Y215T,0
4083,TA41A,Y215V,0
4084,TA41A,Y215W,0
4085,TA41A,N216A,0
4086,TA41A,N216C,0
4087,TA41A,N216D,0
4088,TA41A,N216E,0
4089,TA41A,N216F,0
4090,TA41A,N216G,0
4091,TA41A,N216H,0
4092,TA41A,N216I,0
4093,TA41A,N216K,0
4094,TA41A,N216L,0
4095,TA41A,N216M,0
4096,TA41A,N216P,0
4097,TA41A,N216Q,0
4098,TA41A,N216R,0
4099,TA41A,N216S,0
4100,TA41A,N216T,0
4101,TA41A,N216V,0
4102,TA41A,N216W,0
4103,TA41A,N216Y,0
4104,TA41A,V217A,0
4105,TA41A,V217C,0
4106,TA41A,V217D,0
4107,TA41A,V217E,0
4108,TA41A,V217F,0
4109,TA41A,V217G,0
4110,TA41A,V217H,0
4111,TA41A,V217I,0
4112,TA41A,V217K,0
4113,TA41A,V217L,0
4114,TA41A,V217M,0
4115,TA41A,V217N,0
4116,TA41A,V217P,0
4117,TA41A,V217Q,0
4118,TA41A,V217R,0
4119,TA41A,V217S,0
4120,TA41A,V217T,0
4121,TA41A,V217W,0
4122,TA41A,V217Y,0
4123,TA41A,V218A,0
4124,TA41A,V218C,0
4125,TA41A,V218D,0
4126,TA41A,V218E,0
4127,TA41A,V218F,0
4128,TA41A,V218G,0
4129,TA41A,V218H,0
4130,TA41A,V218I,0
4131,TA41A,V218K,0
4132,TA41A,V218L,0
4133,TA41A,V218M,0
4134,TA41A,V218N,0
4135,TA41A,V218P,0
4136,TA41A,V218Q,0
4137,TA41A,V218R,0
4138,TA41A,V218S,0
4139,TA41A,V218T,0
4140,TA41A,V218W,0
4141,TA41A,V218Y,0
4142,TA41A,L219A,0
4143,TA41A,L219C,0
4144,TA41A,L219D,0
4145,TA41A,L219E,0
4146,TA41A,L219F,0
4147,TA41A,L219G,0
4148,TA41A,L219H,0
4149,TA41A,L219I,0
4150,TA41A,L219K,0
4151,TA41A,L219M,0
4152,TA41A,L219N,0
4153,TA41A,L219P,0
4154,TA41A,L219Q,0
4155,TA41A,L219R,0
4156,TA41A,L219S,0
4157,TA41A,L219T,0
4158,TA41A,L219V,0
4159,TA41A,L219W,0
4160,TA41A,L219Y,0
4161,TA41A,V220A,0
4162,TA41A,V220C,0
4163,TA41A,V220D,0
4164,TA41A,V220E,0
4165,TA41A,V220F,0
4166,TA41A,V220G,0
4167,TA41A,V220H,0
4168,TA41A,V220I,0
4169,TA41A,V220K,0
4170,TA41A,V220L,0
4171,TA41A,V220M,0
4172,TA41A,V220N,0
4173,TA41A,V220P,0
4174,TA41A,V220Q,0
4175,TA41A,V220R,0
4176,TA41A,V220S,0
4177,TA41A,V220T,0
4178,TA41A,V220W,0
4179,TA41A,V220Y,0
4180,TA41A,K221A,0
4181,TA41A,K221C,0
4182,TA41A,K221D,0
4183,TA41A,K221E,0
4184,TA41A,K221F,0
4185,TA41A,K221G,0
4186,TA41A,K221H,0
4187,TA41A,K221I,0
4188,TA41A,K221L,0
4189,TA41A,K221M,0
4190,TA41A,K221N,0
4191,TA41A,K221P,0
4192,TA41A,K221Q,0
4193,TA41A,K221R,0
4194,TA41A,K221S,0
4195,TA41A,K221T,0
4196,TA41A,K221V,0
4197,TA41A,K221W,0
4198,TA41A,K221Y,0
4199,TA41A,D222A,0
4200,TA41A,D222C,0
4201,TA41A,D222E,0
4202,TA41A,D222F,0
4203,TA41A,D222G,0
4204,TA41A,D222H,0
4205,TA41A,D222I,0
4206,TA41A,D222K,0
4207,TA41A,D222L,0
4208,TA41A,D222M,0
4209,TA41A,D222N,0
4210,TA41A,D222P,0
4211,TA41A,D222Q,0
4212,TA41A,D222R,0
4213,TA41A,D222S,0
4214,TA41A,D222T,0
4215,TA41A,D222V,0
4216,TA41A,D222W,0
4217,TA41A,D222Y,0
4218,TA41A,G223A,0
4219,TA41A,G223C,0
4220,TA41A,G223D,0
4221,TA41A,G223E,0
4222,TA41A,G223F,0
4223,TA41A,G223H,0
4224,TA41A,G223I,0
4225,TA41A,G223K,0
4226,TA41A,G223L,0
4227,TA41A,G223M,0
4228,TA41A,G223N,0
4229,TA41A,G223P,0
4230,TA41A,G223Q,0
4231,TA41A,G223R,0
4232,TA41A,G223S,0
4233,TA41A,G223T,0
4234,TA41A,G223V,0
4235,TA41A,G223W,0
4236,TA41A,G223Y,0
4237,TA41A,V224A,0
4238,TA41A,V224C,0
4239,TA41A,V224D,0
4240,TA41A,V224E,0
4241,TA41A,V224F,0
4242,TA41A,V224G,0
4243,TA41A,V224H,0
4244,TA41A,V224I,0
4245,TA41A,V224K,0
4246,TA41A,V224L,0
4247,TA41A,V224M,0
4248,TA41A,V224N,0
4249,TA41A,V224P,0
4250,TA41A,V224Q,0
4251,TA41A,V224R,0
4252,TA41A,V224S,0
4253,TA41A,V224T,0
4254,TA41A,V224W,0
4255,TA41A,V224Y,0
4256,TA41A,L225A,0
4257,TA41A,L225C,0
4258,TA41A,L225D,0
4259,TA41A,L225E,0
4260,TA41A,L225F,0
4261,TA41A,L225G,0
4262,TA41A,L225H,0
4263,TA41A,L225I,0
4264,TA41A,L225K,0
4265,TA41A,L225M,0
4266,TA41A,L225N,0
4267,TA41A,L225P,0
4268,TA41A,L225Q,0
4269,TA41A,L225R,0
4270,TA41A,L225S,0
4271,TA41A,L225T,0
4272,TA41A,L225V,0
4273,TA41A,L225W,0
4274,TA41A,L225Y,0
4275,TA41A,Y226A,0
4276,TA41A,Y226C,0
4277,TA41A,Y226D,0
4278,TA41A,Y226E,0
4279,TA41A,Y226F,0
4280,TA41A,Y226G,0
4281,TA41A,Y226H,0
4282,TA41A,Y226I,0
4283,TA41A,Y226K,0
4284,TA41A,Y226L,0
4285,TA41A,Y226M,0
4286,TA41A,Y226N,0
4287,TA41A,Y226P,0
4288,TA41A,Y226Q,0
4289,TA41A,Y226R,0
4290,TA41A,Y226S,0
4291,TA41A,Y226T,0
4292,TA41A,Y226V,0
4293,TA41A,Y226W,0
4294,TA41A,T227A,0
4295,TA41A,T227C,0
4296,TA41A,T227D,0
4297,TA41A,T227E,0
4298,TA41A,T227F,0
4299,TA41A,T227G,0
4300,TA41A,T227H,0
4301,TA41A,T227I,0
4302,TA41A,T227K,0
4303,TA41A,T227L,0
4304,TA41A,T227M,0
4305,TA41A,T227N,0
4306,TA41A,T227P,0
4307,TA41A,T227Q,0
4308,TA41A,T227R,0
4309,TA41A,T227S,0
4310,TA41A,T227V,0
4311,TA41A,T227W,0
4312,TA41A,T227Y,0
4313,TA41A,P228A,0
4314,TA41A,P228C,0
4315,TA41A,P228D,0
4316,TA41A,P228E,0
4317,TA41A,P228F,0
4318,TA41A,P228G,0
4319,TA41A,P228H,0
4320,TA41A,P228I,0
4321,TA41A,P228K,0
4322,TA41A,P228L,0
4323,TA41A,P228M,0
4324,TA41A,P228N,0
4325,TA41A,P228Q,0
4326,TA41A,P228R,0
4327,TA41A,P228S,0
4328,TA41A,P228T,0
4329,TA41A,P228V,0
4330,TA41A,P228W,0
4331,TA41A,P228Y,0
4332,TA41A,E229A,0
4333,TA41A,E229C,0
4334,TA41A,E229D,0
4335,TA41A,E229F,0
4336,TA41A,E229G,0
4337,TA41A,E229H,0
4338,TA41A,E229I,0
4339,TA41A,E229K,0
4340,TA41A,E229L,0
4341,TA41A,E229M,0
4342,TA41A,E229N,0
4343,TA41A,E229P,0
4344,TA41A,E229Q,0
4345,TA41A,E229R,0
4346,TA41A,E229S,0
4347,TA41A,E229T,0
4348,TA41A,E229V,0
4349,TA41A,E229W,0
4350,TA41A,E229Y,0
4351,TA41A,R230A,0
4352,TA41A,R230C,0
4353,TA41A,R230D,0
4354,TA41A,R230E,0
4355,TA41A,R230F,0
4356,TA41A,R230G,0
4357,TA41A,R230H,0
4358,TA41A,R230I,0
4359,TA41A,R230K,0
4360,TA41A,R230L,0
4361,TA41A,R230M,0
4362,TA41A,R230N,0
4363,TA41A,R230P,0
4364,TA41A,R230Q,0
4365,TA41A,R230S,0
4366,TA41A,R230T,0
4367,TA41A,R230V,0
4368,TA41A,R230W,0
4369,TA41A,R230Y,0
4370,TA41A,G231A,0
4371,TA41A,G231C,0
4372,TA41A,G231D,0
4373,TA41A,G231E,0
4374,TA41A,G231F,0
4375,TA41A,G231H,0
4376,TA41A,G231I,0
4377,TA41A,G231K,0
4378,TA41A,G231L,0
4379,TA41A,G231M,0
4380,TA41A,G231N,0
4381,TA41A,G231P,0
4382,TA41A,G231Q,0
4383,TA41A,G231R,0
4384,TA41A,G231S,0
4385,TA41A,G231T,0
4386,TA41A,G231V,0
4387,TA41A,G231W,0
4388,TA41A,G231Y,0
4389,TA41A,V232A,0
4390,TA41A,V232C,0
4391,TA41A,V232D,0
4392,TA41A,V232E,0
4393,TA41A,V232F,0
4394,TA41A,V232G,0
4395,TA41A,V232H,0
4396,TA41A,V232I,0
4397,TA41A,V232K,0
4398,TA41A,V232L,0
4399,TA41A,V232M,0
4400,TA41A,V232N,0
4401,TA41A,V232P,0
4402,TA41A,V232Q,0
4403,TA41A,V232R,0
4404,TA41A,V232S,0
4405,TA41A,V232T,0
4406,TA41A,V232W,0
4407,TA41A,V232Y,0
4408,TA41A,L233A,0
4409,TA41A,L233C,0
4410,TA41A,L233D,0
4411,TA41A,L233E,0
4412,TA41A,L233F,0
4413,TA41A,L233G,0
4414,TA41A,L233H,0
4415,TA41A,L233I,0
4416,TA41A,L233K,0
4417,TA41A,L233M,0
4418,TA41A,L233N,0
4419,TA41A,L233P,0
4420,TA41A,L233Q,0
4421,TA41A,L233R,0
4422,TA41A,L233S,0
4423,TA41A,L233T,0
4424,TA41A,L233V,0
4425,TA41A,L233W,0
4426,TA41A,L233Y,0
4427,TA41A,E234A,0
4428,TA41A,E234C,0
4429,TA41A,E234D,0
4430,TA41A,E234F,0
4431,TA41A,E234G,0
4432,TA41A,E234H,0
4433,TA41A,E234I,0
4434,TA41A,E234K,0
4435,TA41A,E234L,0
4436,TA41A,E234M,0
4437,TA41A,E234N,0
4438,TA41A,E234P,0
4439,TA41A,E234Q,0
4440,TA41A,E234R,0
4441,TA41A,E234S,0
4442,TA41A,E234T,0
4443,TA41A,E234V,0
4444,TA41A,E234W,0
4445,TA41A,E234Y,0
4446,TA41A,G235A,0
4447,TA41A,G235C,0
4448,TA41A,G235D,0
4449,TA41A,G235E,0
4450,TA41A,G235F,0
4451,TA41A,G235H,0
4452,TA41A,G235I,0
4453,TA41A,G235K,0
4454,TA41A,G235L,0
4455,TA41A,G235M,0
4456,TA41A,G235N,0
4457,TA41A,G235P,0
4458,TA41A,G235Q,0
4459,TA41A,G235R,0
4460,TA41A,G235S,0
4461,TA41A,G235T,0
4462,TA41A,G235V,0
4463,TA41A,G235W,0
4464,TA41A,G235Y,0
4465,TA41A,I236A,0
4466,TA41A,I236C,0
4467,TA41A,I236D,0
4468,TA41A,I236E,0
4469,TA41A,I236F,0
4470,TA41A,I236G,0
4471,TA41A,I236H,0
4472,TA41A,I236K,0
4473,TA41A,I236L,0
4474,TA41A,I236M,0
4475,TA41A,I236N,0
4476,TA41A,I236P,0
4477,TA41A,I236Q,0
4478,TA41A,I236R,0
4479,TA41A,I236S,0
4480,TA41A,I236T,0
4481,TA41A,I236V,0
4482,TA41A,I236W,0
4483,TA41A,I236Y,0
4484,TA41A,T237A,0
4485,TA41A,T237C,0
4486,TA41A,T237D,0
4487,TA41A,T237E,0
4488,TA41A,T237F,0
4489,TA41A,T237G,0
4490,TA41A,T237H,0
4491,TA41A,T237I,0
4492,TA41A,T237K,0
4493,TA41A,T237L,0
4494,TA41A,T237M,0
4495,TA41A,T237N,0
4496,TA41A,T237P,0
4497,TA41A,T237Q,0
4498,TA41A,T237R,0
4499,TA41A,T237S,0
4500,TA41A,T237V,0
4501,TA41A,T237W,0
4502,TA41A,T237Y,0
4503,TA41A,R238A,0
4504,TA41A,R238C,0
4505,TA41A,R238D,0
4506,TA41A,R238E,0
4507,TA41A,R238F,0
4508,TA41A,R238G,0
4509,TA41A,R238H,0
4510,TA41A,R238I,0
4511,TA41A,R238K,0
4512,TA41A,R238L,0
4513,TA41A,R238M,0
4514,TA41A,R238N,0
4515,TA41A,R238P,0
4516,TA41A,R238Q,0
4517,TA41A,R238S,0
4518,TA41A,R238T,0
4519,TA41A,R238V,0
4520,TA41A,R238W,0
4521,TA41A,R238Y,0
4522,TA41A,K239A,0
4523,TA41A,K239C,0
4524,TA41A,K239D,0
4525,TA41A,K239E,0
4526,TA41A,K239F,0
4527,TA41A,K239G,0
4528,TA41A,K239H,0
4529,TA41A,K239I,0
4530,TA41A,K239L,0
4531,TA41A,K239M,0
4532,TA41A,K239N,0
4533,TA41A,K239P,0
4534,TA41A,K239Q,0
4535,TA41A,K239R,0
4536,TA41A,K239S,0
4537,TA41A,K239T,0
4538,TA41A,K239V,0
4539,TA41A,K239W,0
4540,TA41A,K239Y,0
4541,TA41A,T240A,0
4542,TA41A,T240C,0
4543,TA41A,T240D,0
4544,TA41A,T240E,0
4545,TA41A,T240F,0
4546,TA41A,T240G,0
4547,TA41A,T240H,0
4548,TA41A,T240I,0
4549,TA41A,T240K,0
4550,TA41A,T240L,0
4551,TA41A,T240M,0
4552,TA41A,T240N,0
4553,TA41A,T240P,0
4554,TA41A,T240Q,0
4555,TA41A,T240R,0
4556,TA41A,T240S,0
4557,TA41A,T240V,0
4558,TA41A,T240W,0
4559,TA41A,T240Y,0
4560,TA41A,V241A,0
4561,TA41A,V241C,0
4562,TA41A,V241D,0
4563,TA41A,V241E,0
4564,TA41A,V241F,0
4565,TA41A,V241G,0
4566,TA41A,V241H,0
4567,TA41A,V241I,0
4568,TA41A,V241K,0
4569,TA41A,V241L,0
4570,TA41A,V241M,0
4571,TA41A,V241N,0
4572,TA41A,V241P,0
4573,TA41A,V241Q,0
4574,TA41A,V241R,0
4575,TA41A,V241S,0
4576,TA41A,V241T,0
4577,TA41A,V241W,0
4578,TA41A,V241Y,0
4579,TA41A,M242A,0
4580,TA41A,M242C,0
4581,TA41A,M242D,0
4582,TA41A,M242E,0
4583,TA41A,M242F,0
4584,TA41A,M242G,0
4585,TA41A,M242H,0
4586,TA41A,M242I,0
4587,TA41A,M242K,0
4588,TA41A,M242L,0
4589,TA41A,M242N,0
4590,TA41A,M242P,0
4591,TA41A,M242Q,0
4592,TA41A,M242R,0
4593,TA41A,M242S,0
4594,TA41A,M242T,0
4595,TA41A,M242V,0
4596,TA41A,M242W,0
4597,TA41A,M242Y,0
4598,TA41A,E243A,0
4599,TA41A,E243C,0
4600,TA41A,E243D,0
4601,TA41A,E243F,0
4602,TA41A,E243G,0
4603,TA41A,E243H,0
4604,TA41A,E243I,0
4605,TA41A,E243K,0
4606,TA41A,E243L,0
4607,TA41A,E243M,0
4608,TA41A,E243N,0
4609,TA41A,E243P,0
4610,TA41A,E243Q,0
4611,TA41A,E243R,0
4612,TA41A,E243S,0
4613,TA41A,E243T,0
4614,TA41A,E243V,0
4615,TA41A,E243W,0
4616,TA41A,E243Y,0
4617,TA41A,I244A,0
4618,TA41A,I244C,0
4619,TA41A,I244D,0
4620,TA41A,I244E,0
4621,TA41A,I244F,0
4622,TA41A,I244G,0
4623,TA41A,I244H,0
4624,TA41A,I244K,0
4625,TA41A,I244L,0
4626,TA41A,I244M,0
4627,TA41A,I244N,0
4628,TA41A,I244P,0
4629,TA41A,I244Q,0
4630,TA41A,I244R,0
4631,TA41A,I244S,0
4632,TA41A,I244T,0
4633,TA41A,I244V,0
4634,TA41A,I244W,0
4635,TA41A,I244Y,0
4636,TA41A,A245C,0
4637,TA41A,A245D,0
4638,TA41A,A245E,0
4639,TA41A,A245F,0
4640,TA41A,A245G,0
4641,TA41A,A245H,0
4642,TA41A,A245I,0
4643,TA41A,A245K,0
4644,TA41A,A245L,0
4645,TA41A,A245M,0
4646,TA41A,A245N,0
4647,TA41A,A245P,0
4648,TA41A,A245Q,0
4649,TA41A,A245R,0
4650,TA41A,A245S,0
4651,TA41A,A245T,0
4652,TA41A,A245V,0
4653,TA41A,A245W,0
4654,TA41A,A245Y,0
4655,TA41A,A246C,0
4656,TA41A,A246D,0
4657,TA41A,A246E,0
4658,TA41A,A246F,0
4659,TA41A,A246G,0
4660,TA41A,A246H,0
4661,TA41A,A246I,0
4662,TA41A,A246K,0
4663,TA41A,A246L,0
4664,TA41A,A246M,0
4665,TA41A,A246N,0
4666,TA41A,A246P,0
4667,TA41A,A246Q,0
4668,TA41A,A246R,0
4669,TA41A,A246S,0
4670,TA41A,A246T,0
4671,TA41A,A246V,0
4672,TA41A,A246W,0
4673,TA41A,A246Y,0
4674,TA41A,A247C,0
4675,TA41A,A247D,0
4676,TA41A,A247E,0
4677,TA41A,A247F,0
4678,TA41A,A247G,0
4679,TA41A,A247H,0
4680,TA41A,A247I,0
4681,TA41A,A247K,0
4682,TA41A,A247L,0
4683,TA41A,A247M,0
4684,TA41A,A247N,0
4685,TA41A,A247P,0
4686,TA41A,A247Q,0
4687,TA41A,A247R,0
4688,TA41A,A247S,0
4689,TA41A,A247T,0
4690,TA41A,A247V,0
4691,TA41A,A247W,0
4692,TA41A,A247Y,0
4693,TA41A,R248A,0
4694,TA41A,R248C,0
4695,TA41A,R248D,0
4696,TA41A,R248E,0
4697,TA41A,R248F,0
4698,TA41A,R248G,0
4699,TA41A,R248H,0
4700,TA41A,R248I,0
4701,TA41A,R248K,0
4702,TA41A,R248L,0
4703,TA41A,R248M,0
4704,TA41A,R248N,0
4705,TA41A,R248P,0
4706,TA41A,R248Q,0
4707,TA41A,R248S,0
4708,TA41A,R248T,0
4709,TA41A,R248V,0
4710,TA41A,R248W,0
4711,TA41A,R248Y,0
4712,TA41A,G249A,0
4713,TA41A,G249C,0
4714,TA41A,G249D,0
4715,TA41A,G249E,0
4716,TA41A,G249F,0
4717,TA41A,G249H,0
4718,TA41A,G249I,0
4719,TA41A,G249K,0
4720,TA41A,G249L,0
4721,TA41A,G249M,0
4722,TA41A,G249N,0
4723,TA41A,G249P,0
4724,TA41A,G249Q,0
4725,TA41A,G249R,0
4726,TA41A,G249S,0
4727,TA41A,G249T,0
4728,TA41A,G249V,0
4729,TA41A,G249W,0
4730,TA41A,G249Y,0
4731,TA41A,I250A,0
4732,TA41A,I250C,0
4733,TA41A,I250D,0
4734,TA41A,I250E,0
4735,TA41A,I250F,0
4736,TA41A,I250G,0
4737,TA41A,I250H,0
4738,TA41A,I250K,0
4739,TA41A,I250L,0
4740,TA41A,I250M,0
4741,TA41A,I250N,0
4742,TA41A,I250P,0
4743,TA41A,I250Q,0
4744,TA41A,I250R,0
4745,TA41A,I250S,0
4746,TA41A,I250T,0
4747,TA41A,I250V,0
4748,TA41A,I250W,0
4749,TA41A,I250Y,0
4750,TA41A,D251A,0
4751,TA41A,D251C,0
4752,TA41A,D251E,0
4753,TA41A,D251F,0
4754,TA41A,D251G,0
4755,TA41A,D251H,0
4756,TA41A,D251I,0
4757,TA41A,D251K,0
4758,TA41A,D251L,0
4759,TA41A,D251M,0
4760,TA41A,D251N,0
4761,TA41A,D251P,0
4762,TA41A,D251Q,0
4763,TA41A,D251R,0
4764,TA41A,D251S,0
4765,TA41A,D251T,0
4766,TA41A,D251V,0
4767,TA41A,D251W,0
4768,TA41A,D251Y,0
4769,TA41A,V252A,0
4770,TA41A,V252C,0
4771,TA41A,V252D,0
4772,TA41A,V252E,0
4773,TA41A,V252F,0
4774,TA41A,V252G,0
4775,TA41A,V252H,0
4776,TA41A,V252I,0
4777,TA41A,V252K,0
4778,TA41A,V252L,0
4779,TA41A,V252M,0
4780,TA41A,V252N,0
4781,TA41A,V252P,0
4782,TA41A,V252Q,0
4783,TA41A,V252R,0
4784,TA41A,V252S,0
4785,TA41A,V252T,0
4786,TA41A,V252W,0
4787,TA41A,V252Y,0
4788,TA41A,R253A,0
4789,TA41A,R253C,0
4790,TA41A,R253D,0
4791,TA41A,R253E,0
4792,TA41A,R253F,0
4793,TA41A,R253G,0
4794,TA41A,R253H,0
4795,TA41A,R253I,0
4796,TA41A,R253K,0
4797,TA41A,R253L,0
4798,TA41A,R253M,0
4799,TA41A,R253N,0
4800,TA41A,R253P,0
4801,TA41A,R253Q,0
4802,TA41A,R253S,0
4803,TA41A,R253T,0
4804,TA41A,R253V,0
4805,TA41A,R253W,0
4806,TA41A,R253Y,0
4807,TA41A,M254A,0
4808,TA41A,M254C,0
4809,TA41A,M254D,0
4810,TA41A,M254E,0
4811,TA41A,M254F,0
4812,TA41A,M254G,0
4813,TA41A,M254H,0
4814,TA41A,M254I,0
4815,TA41A,M254K,0
4816,TA41A,M254L,0
4817,TA41A,M254N,0
4818,TA41A,M254P,0
4819,TA41A,M254Q,0
4820,TA41A,M254R,0
4821,TA41A,M254S,0
4822,TA41A,M254T,0
4823,TA41A,M254V,0
4824,TA41A,M254W,0
4825,TA41A,M254Y,0
4826,TA41A,E255A,0
4827,TA41A,E255C,0
4828,TA41A,E255D,0
4829,TA41A,E255F,0
4830,TA41A,E255G,0
4831,TA41A,E255H,0
4832,TA41A,E255I,0
4833,TA41A,E255K,0
4834,TA41A,E255L,0
4835,TA41A,E255M,0
4836,TA41A,E255N,0
4837,TA41A,E255P,0
4838,TA41A,E255Q,0
4839,TA41A,E255R,0
4840,TA41A,E255S,0
4841,TA41A,E255T,0
4842,TA41A,E255V,0
4843,TA41A,E255W,0
4844,TA41A,E255Y,0
4845,TA41A,H256A,0
4846,TA41A,H256C,0
4847,TA41A,H256D,0
4848,TA41A,H256E,0
4849,TA41A,H256F,0
4850,TA41A,H256G,0
4851,TA41A,H256I,0
4852,TA41A,H256K,0
4853,TA41A,H256L,0
4854,TA41A,H256M,0
4855,TA41A,H256N,0
4856,TA41A,H256P,0
4857,TA41A,H256Q,0
4858,TA41A,H256R,0
4859,TA41A,H256S,0
4860,TA41A,H256T,0
4861,TA41A,H256V,0
4862,TA41A,H256W,0
4863,TA41A,H256Y,0
4864,TA41A,V257A,0
4865,TA41A,V257C,0
4866,TA41A,V257D,0
4867,TA41A,V257E,0
4868,TA41A,V257F,0
4869,TA41A,V257G,0
4870,TA41A,V257H,0
4871,TA41A,V257I,0
4872,TA41A,V257K,0
4873,TA41A,V257L,0
4874,TA41A,V257M,0
4875,TA41A,V257N,0
4876,TA41A,V257P,0
4877,TA41A,V257Q,0
4878,TA41A,V257R,0
4879,TA41A,V257S,0
4880,TA41A,V257T,0
4881,TA41A,V257W,0
4882,TA41A,V257Y,0
4883,TA41A,P258A,0
4884,TA41A,P258C,0
4885,TA41A,P258D,0
4886,TA41A,P258E,0
4887,TA41A,P258F,0
4888,TA41A,P258G,0
4889,TA41A,P258H,0
4890,TA41A,P258I,0
4891,TA41A,P258K,0
4892,TA41A,P258L,0
4893,TA41A,P258M,0
4894,TA41A,P258N,0
4895,TA41A,P258Q,0
4896,TA41A,P258R,0
4897,TA41A,P258S,0
4898,TA41A,P258T,0
4899,TA41A,P258V,0
4900,TA41A,P258W,0
4901,TA41A,P258Y,0
4902,TA41A,V259A,0
4903,TA41A,V259C,0
4904,TA41A,V259D,0
4905,TA41A,V259E,0
4906,TA41A,V259F,0
4907,TA41A,V259G,0
4908,TA41A,V259H,0
4909,TA41A,V259I,0
4910,TA41A,V259K,0
4911,TA41A,V259L,0
4912,TA41A,V259M,0
4913,TA41A,V259N,0
4914,TA41A,V259P,0
4915,TA41A,V259Q,0
4916,TA41A,V259R,0
4917,TA41A,V259S,0
4918,TA41A,V259T,0
4919,TA41A,V259W,0
4920,TA41A,V259Y,0
4921,TA41A,D260A,0
4922,TA41A,D260C,0
4923,TA41A,D260E,0
4924,TA41A,D260F,0
4925,TA41A,D260G,0
4926,TA41A,D260H,0
4927,TA41A,D260I,0
4928,TA41A,D260K,0
4929,TA41A,D260L,0
4930,TA41A,D260M,0
4931,TA41A,D260N,0
4932,TA41A,D260P,0
4933,TA41A,D260Q,0
4934,TA41A,D260R,0
4935,TA41A,D260S,0
4936,TA41A,D260T,0
4937,TA41A,D260V,0
4938,TA41A,D260W,0
4939,TA41A,D260Y,0
4940,TA41A,L261A,0
4941,TA41A,L261C,0
4942,TA41A,L261D,0
4943,TA41A,L261E,0
4944,TA41A,L261F,0
4945,TA41A,L261G,0
4946,TA41A,L261H,0
4947,TA41A,L261I,0
4948,TA41A,L261K,0
4949,TA41A,L261M,0
4950,TA41A,L261N,0
4951,TA41A,L261P,0
4952,TA41A,L261Q,0
4953,TA41A,L261R,0
4954,TA41A,L261S,0
4955,TA41A,L261T,0
4956,TA41A,L261V,0
4957,TA41A,L261W,0
4958,TA41A,L261Y,0
4959,TA41A,A262C,0
4960,TA41A,A262D,0
4961,TA41A,A262E,0
4962,TA41A,A262F,0
4963,TA41A,A262G,0
4964,TA41A,A262H,0
4965,TA41A,A262I,0
4966,TA41A,A262K,0
4967,TA41A,A262L,0
4968,TA41A,A262M,0
4969,TA41A,A262N,0
4970,TA41A,A262P,0
4971,TA41A,A262Q,0
4972,TA41A,A262R,0
4973,TA41A,A262S,0
4974,TA41A,A262T,0
4975,TA41A,A262V,0
4976,TA41A,A262W,0
4977,TA41A,A262Y,0
4978,TA41A,Y263A,0
4979,TA41A,Y263C,0
4980,TA41A,Y263D,0
4981,TA41A,Y263E,0
4982,TA41A,Y263F,0
4983,TA41A,Y263G,0
4984,TA41A,Y263H,0
4985,TA41A,Y263I,0
4986,TA41A,Y263K,0
4987,TA41A,Y263L,0
4988,TA41A,Y263M,0
4989,TA41A,Y263N,0
4990,TA41A,Y263P,0
4991,TA41A,Y263Q,0
4992,TA41A,Y263R,0
4993,TA41A,Y263S,0
4994,TA41A,Y263T,0
4995,TA41A,Y263V,0
4996,TA41A,Y263W,0
4997,TA41A,R264A,0
4998,TA41A,R264C,0
4999,TA41A,R264D,0
5000,TA41A,R264E,0
5001,TA41A,R264F,0
5002,TA41A,R264G,0
5003,TA41A,R264H,0
5004,TA41A,R264I,0
5005,TA41A,R264K,0
5006,TA41A,R264L,0
5007,TA41A,R264M,0
5008,TA41A,R264N,0
5009,TA41A,R264P,0
5010,TA41A,R264Q,0
5011,TA41A,R264S,0
5012,TA41A,R264T,0
5013,TA41A,R264V,0
5014,TA41A,R264W,0
5015,TA41A,R264Y,0
5016,TA41A,A265C,0
5017,TA41A,A265D,0
5018,TA41A,A265E,0
5019,TA41A,A265F,0
5020,TA41A,A265G,0
5021,TA41A,A265H,0
5022,TA41A,A265I,0
5023,TA41A,A265K,0
5024,TA41A,A265L,0
5025,TA41A,A265M,0
5026,TA41A,A265N,0
5027,TA41A,A265P,0
5028,TA41A,A265Q,0
5029,TA41A,A265R,0
5030,TA41A,A265S,0
5031,TA41A,A265T,0
5032,TA41A,A265V,0
5033,TA41A,A265W,0
5034,TA41A,A265Y,0
5035,TA41A,D266A,0
5036,TA41A,D266C,0
5037,TA41A,D266E,0
5038,TA41A,D266F,0
5039,TA41A,D266G,0
5040,TA41A,D266H,0
5041,TA41A,D266I,0
5042,TA41A,D266K,0
5043,TA41A,D266L,0
5044,TA41A,D266M,0
5045,TA41A,D266N,0
5046,TA41A,D266P,0
5047,TA41A,D266Q,0
5048,TA41A,D266R,0
5049,TA41A,D266S,0
5050,TA41A,D266T,0
5051,TA41A,D266V,0
5052,TA41A,D266W,0
5053,TA41A,D266Y,0
5054,TA41A,E267A,0
5055,TA41A,E267C,0
5056,TA41A,E267D,0
5057,TA41A,E267F,0
5058,TA41A,E267G,0
5059,TA41A,E267H,0
5060,TA41A,E267I,0
5061,TA41A,E267K,0
5062,TA41A,E267L,0
5063,TA41A,E267M,0
5064,TA41A,E267N,0
5065,TA41A,E267P,0
5066,TA41A,E267Q,0
5067,TA41A,E267R,0
5068,TA41A,E267S,0
5069,TA41A,E267T,0
5070,TA41A,E267V,0
5071,TA41A,E267W,0
5072,TA41A,E267Y,0
5073,TA41A,L268A,0
5074,TA41A,L268C,0
5075,TA41A,L268D,0
5076,TA41A,L268E,0
5077,TA41A,L268F,0
5078,TA41A,L268G,0
5079,TA41A,L268H,0
5080,TA41A,L268I,0
5081,TA41A,L268K,0
5082,TA41A,L268M,0
5083,TA41A,L268N,0
5084,TA41A,L268P,0
5085,TA41A,L268Q,0
5086,TA41A,L268R,0
5087,TA41A,L268S,0
5088,TA41A,L268T,0
5089,TA41A,L268V,0
5090,TA41A,L268W,0
5091,TA41A,L268Y,0
5092,TA41A,F269A,0
5093,TA41A,F269C,0
5094,TA41A,F269D,0
5095,TA41A,F269E,0
5096,TA41A,F269G,0
5097,TA41A,F269H,0
5098,TA41A,F269I,0
5099,TA41A,F269K,0
5100,TA41A,F269L,0
5101,TA41A,F269M,0
5102,TA41A,F269N,0
5103,TA41A,F269P,0
5104,TA41A,F269Q,0
5105,TA41A,F269R,0
5106,TA41A,F269S,0
5107,TA41A,F269T,0
5108,TA41A,F269V,0
5109,TA41A,F269W,0
5110,TA41A,F269Y,0
5111,TA41A,F270A,0
5112,TA41A,F270C,0
5113,TA41A,F270D,0
5114,TA41A,F270E,0
5115,TA41A,F270G,0
5116,TA41A,F270H,0
5117,TA41A,F270I,0
5118,TA41A,F270K,0
5119,TA41A,F270L,0
5120,TA41A,F270M,0
5121,TA41A,F270N,0
5122,TA41A,F270P,0
5123,TA41A,F270Q,0
5124,TA41A,F270R,0
5125,TA41A,F270S,0
5126,TA41A,F270T,0
5127,TA41A,F270V,0
5128,TA41A,F270W,0
5129,TA41A,F270Y,0
5130,TA41A,C271A,0
5131,TA41A,C271D,0
5132,TA41A,C271E,0
5133,TA41A,C271F,0
5134,TA41A,C271G,0
5135,TA41A,C271H,0
5136,TA41A,C271I,0
5137,TA41A,C271K,0
5138,TA41A,C271L,0
5139,TA41A,C271M,0
5140,TA41A,C271N,0
5141,TA41A,C271P,0
5142,TA41A,C271Q,0
5143,TA41A,C271R,0
5144,TA41A,C271S,0
5145,TA41A,C271T,0
5146,TA41A,C271V,0
5147,TA41A,C271W,0
5148,TA41A,C271Y,0
5149,TA41A,T272A,0
5150,TA41A,T272C,0
5151,TA41A,T272D,0
5152,TA41A,T272E,0
5153,TA41A,T272F,0
5154,TA41A,T272G,0
5155,TA41A,T272H,0
5156,TA41A,T272I,0
5157,TA41A,T272K,0
5158,TA41A,T272L,0
5159,TA41A,T272M,0
5160,TA41A,T272N,0
5161,TA41A,T272P,0
5162,TA41A,T272Q,0
5163,TA41A,T272R,0
5164,TA41A,T272S,0
5165,TA41A,T272V,0
5166,TA41A,T272W,0
5167,TA41A,T272Y,0
5168,TA41A,T273A,0
5169,TA41A,T273C,0
5170,TA41A,T273D,0
5171,TA41A,T273E,0
5172,TA41A,T273F,0
5173,TA41A,T273G,0
5174,TA41A,T273H,0
5175,TA41A,T273I,0
5176,TA41A,T273K,0
5177,TA41A,T273L,0
5178,TA41A,T273M,0
5179,TA41A,T273N,0
5180,TA41A,T273P,0
5181,TA41A,T273Q,0
5182,TA41A,T273R,0
5183,TA41A,T273S,0
5184,TA41A,T273V,0
5185,TA41A,T273W,0
5186,TA41A,T273Y,0
5187,TA41A,A274C,0
5188,TA41A,A274D,0
5189,TA41A,A274E,0
5190,TA41A,A274F,0
5191,TA41A,A274G,0
5192,TA41A,A274H,0
5193,TA41A,A274I,0
5194,TA41A,A274K,0
5195,TA41A,A274L,0
5196,TA41A,A274M,0
5197,TA41A,A274N,0
5198,TA41A,A274P,0
5199,TA41A,A274Q,0
5200,TA41A,A274R,0
5201,TA41A,A274S,0
5202,TA41A,A274T,0
5203,TA41A,A274V,0
5204,TA41A,A274W,0
5205,TA41A,A274Y,0
5206,TA41A,A275C,0
5207,TA41A,A275D,0
5208,TA41A,A275E,0
5209,TA41A,A275F,0
5210,TA41A,A275G,0
5211,TA41A,A275H,0
5212,TA41A,A275I,0
5213,TA41A,A275K,0
5214,TA41A,A275L,0
5215,TA41A,A275M,0
5216,TA41A,A275N,0
5217,TA41A,A275P,0
5218,TA41A,A275Q,0
5219,TA41A,A275R,0
5220,TA41A,A275S,0
5221,TA41A,A275T,0
5222,TA41A,A275V,0
5223,TA41A,A275W,0
5224,TA41A,A275Y,0
5225,TA41A,G276A,0
5226,TA41A,G276C,0
5227,TA41A,G276D,0
5228,TA41A,G276E,0
5229,TA41A,G276F,0
5230,TA41A,G276H,0
5231,TA41A,G276I,0
5232,TA41A,G276K,0
5233,TA41A,G276L,0
5234,TA41A,G276M,0
5235,TA41A,G276N,0
5236,TA41A,G276P,0
5237,TA41A,G276Q,0
5238,TA41A,G276R,0
5239,TA41A,G276S,0
5240,TA41A,G276T,0
5241,TA41A,G276V,0
5242,TA41A,G276W,0
5243,TA41A,G276Y,0
5244,TA41A,I277A,0
5245,TA41A,I277C,0
5246,TA41A,I277D,0
5247,TA41A,I277E,0
5248,TA41A,I277F,0
5249,TA41A,I277G,0
5250,TA41A,I277H,0
5251,TA41A,I277K,0
5252,TA41A,I277L,0
5253,TA41A,I277M,0
5254,TA41A,I277N,0
5255,TA41A,I277P,0
5256,TA41A,I277Q,0
5257,TA41A,I277R,0
5258,TA41A,I277S,0
5259,TA41A,I277T,0
5260,TA41A,I277V,0
5261,TA41A,I277W,0
5262,TA41A,I277Y,0
5263,TA41A,M278A,0
5264,TA41A,M278C,0
5265,TA41A,M278D,0
5266,TA41A,M278E,0
5267,TA41A,M278F,0
5268,TA41A,M278G,0
5269,TA41A,M278H,0
5270,TA41A,M278I,0
5271,TA41A,M278K,0
5272,TA41A,M278L,0
5273,TA41A,M278N,0
5274,TA41A,M278P,0
5275,TA41A,M278Q,0
5276,TA41A,M278R,0
5277,TA41A,M278S,0
5278,TA41A,M278T,0
5279,TA41A,M278V,0
5280,TA41A,M278W,0
5281,TA41A,M278Y,0
5282,TA41A,P279A,0
5283,TA41A,P279C,0
5284,TA41A,P279D,0
5285,TA41A,P279E,0
5286,TA41A,P279F,0
5287,TA41A,P279G,0
5288,TA41A,P279H,0
5289,TA41A,P279I,0
5290,TA41A,P279K,0
5291,TA41A,P279L,0
5292,TA41A,P279M,0
5293,TA41A,P279N,0
5294,TA41A,P279Q,0
5295,TA41A,P279R,0
5296,TA41A,P279S,0
5297,TA41A,P279T,0
5298,TA41A,P279V,0
5299,TA41A,P279W,0
5300,TA41A,P279Y,0
5301,TA41A,V280A,0
5302,TA41A,V280C,0
5303,TA41A,V280D,0
5304,TA41A,V280E,0
5305,TA41A,V280F,0
5306,TA41A,V280G,0
5307,TA41A,V280H,0
5308,TA41A,V280I,0
5309,TA41A,V280K,0
5310,TA41A,V280L,0
5311,TA41A,V280M,0
5312,TA41A,V280N,0
5313,TA41A,V280P,0
5314,TA41A,V280Q,0
5315,TA41A,V280R,0
5316,TA41A,V280S,0
5317,TA41A,V280T,0
5318,TA41A,V280W,0
5319,TA41A,V280Y,0
5320,TA41A,T281A,0
5321,TA41A,T281C,0
5322,TA41A,T281D,0
5323,TA41A,T281E,0
5324,TA41A,T281F,0
5325,TA41A,T281G,0
5326,TA41A,T281H,0
5327,TA41A,T281I,0
5328,TA41A,T281K,0
5329,TA41A,T281L,0
5330,TA41A,T281M,0
5331,TA41A,T281N,0
5332,TA41A,T281P,0
5333,TA41A,T281Q,0
5334,TA41A,T281R,0
5335,TA41A,T281S,0
5336,TA41A,T281V,0
5337,TA41A,T281W,0
5338,TA41A,T281Y,0
5339,TA41A,T282A,0
5340,TA41A,T282C,0
5341,TA41A,T282D,0
5342,TA41A,T282E,0
5343,TA41A,T282F,0
5344,TA41A,T282G,0
5345,TA41A,T282H,0
5346,TA41A,T282I,0
5347,TA41A,T282K,0
5348,TA41A,T282L,0
5349,TA41A,T282M,0
5350,TA41A,T282N,0
5351,TA41A,T282P,0
5352,TA41A,T282Q,0
5353,TA41A,T282R,0
5354,TA41A,T282S,0
5355,TA41A,T282V,0
5356,TA41A,T282W,0
5357,TA41A,T282Y,0
5358,TA41A,L283A,0
5359,TA41A,L283C,0
5360,TA41A,L283D,0
5361,TA41A,L283E,0
5362,TA41A,L283F,0
5363,TA41A,L283G,0
5364,TA41A,L283H,0
5365,TA41A,L283I,0
5366,TA41A,L283K,0
5367,TA41A,L283M,0
5368,TA41A,L283N,0
5369,TA41A,L283P,0
5370,TA41A,L283Q,0
5371,TA41A,L283R,0
5372,TA41A,L283S,0
5373,TA41A,L283T,0
5374,TA41A,L283V,0
5375,TA41A,L283W,0
5376,TA41A,L283Y,0
5377,TA41A,D284A,0
5378,TA41A,D284C,0
5379,TA41A,D284E,0
5380,TA41A,D284F,0
5381,TA41A,D284G,0
5382,TA41A,D284H,0
5383,TA41A,D284I,0
5384,TA41A,D284K,0
5385,TA41A,D284L,0
5386,TA41A,D284M,0
5387,TA41A,D284N,0
5388,TA41A,D284P,0
5389,TA41A,D284Q,0
5390,TA41A,D284R,0
5391,TA41A,D284S,0
5392,TA41A,D284T,0
5393,TA41A,D284V,0
5394,TA41A,D284W,0
5395,TA41A,D284Y,0
5396,TA41A,G285A,0
5397,TA41A,G285C,0
5398,TA41A,G285D,0
5399,TA41A,G285E,0
5400,TA41A,G285F,0
5401,TA41A,G285H,0
5402,TA41A,G285I,0
5403,TA41A,G285K,0
5404,TA41A,G285L,0
5405,TA41A,G285M,0
5406,TA41A,G285N,0
5407,TA41A,G285P,0
5408,TA41A,G285Q,0
5409,TA41A,G285R,0
5410,TA41A,G285S,0
5411,TA41A,G285T,0
5412,TA41A,G285V,0
5413,TA41A,G285W,0
5414,TA41A,G285Y,0
5415,TA41A,V286A,0
5416,TA41A,V286C,0
5417,TA41A,V286D,0
5418,TA41A,V286E,0
5419,TA41A,V286F,0
5420,TA41A,V286G,0
5421,TA41A,V286H,0
5422,TA41A,V286I,0
5423,TA41A,V286K,0
5424,TA41A,V286L,0
5425,TA41A,V286M,0
5426,TA41A,V286N,0
5427,TA41A,V286P,0
5428,TA41A,V286Q,0
5429,TA41A,V286R,0
5430,TA41A,V286S,0
5431,TA41A,V286T,0
5432,TA41A,V286W,0
5433,TA41A,V286Y,0
5434,TA41A,R287A,0
5435,TA41A,R287C,0
5436,TA41A,R287D,0
5437,TA41A,R287E,0
5438,TA41A,R287F,0
5439,TA41A,R287G,0
5440,TA41A,R287H,0
5441,TA41A,R287I,0
5442,TA41A,R287K,0
5443,TA41A,R287L,0
5444,TA41A,R287M,0
5445,TA41A,R287N,0
5446,TA41A,R287P,0
5447,TA41A,R287Q,0
5448,TA41A,R287S,0
5449,TA41A,R287T,0
5450,TA41A,R287V,0
5451,TA41A,R287W,0
5452,TA41A,R287Y,0
5453,TA41A,V288A,0
5454,TA41A,V288C,0
5455,TA41A,V288D,0
5456,TA41A,V288E,0
5457,TA41A,V288F,0
5458,TA41A,V288G,0
5459,TA41A,V288H,0
5460,TA41A,V288I,0
5461,TA41A,V288K,0
5462,TA41A,V288L,0
5463,TA41A,V288M,0
5464,TA41A,V288N,0
5465,TA41A,V288P,0
5466,TA41A,V288Q,0
5467,TA41A,V288R,0
5468,TA41A,V288S,0
5469,TA41A,V288T,0
5470,TA41A,V288W,0
5471,TA41A,V288Y,0
5472,TA41A,G289A,0
5473,TA41A,G289C,0
5474,TA41A,G289D,0
5475,TA41A,G289E,0
5476,TA41A,G289F,0
5477,TA41A,G289H,0
5478,TA41A,G289I,0
5479,TA41A,G289K,0
5480,TA41A,G289L,0
5481,TA41A,G289M,0
5482,TA41A,G289N,0
5483,TA41A,G289P,0
5484,TA41A,G289Q,0
5485,TA41A,G289R,0
5486,TA41A,G289S,0
5487,TA41A,G289T,0
5488,TA41A,G289V,0
5489,TA41A,G289W,0
5490,TA41A,G289Y,0
5491,TA41A,G290A,0
5492,TA41A,G290C,0
5493,TA41A,G290D,0
5494,TA41A,G290E,0
5495,TA41A,G290F,0
5496,TA41A,G290H,0
5497,TA41A,G290I,0
5498,TA41A,G290K,0
5499,TA41A,G290L,0
5500,TA41A,G290M,0
5501,TA41A,G290N,0
5502,TA41A,G290P,0
5503,TA41A,G290Q,0
5504,TA41A,G290R,0
5505,TA41A,G290S,0
5506,TA41A,G290T,0
5507,TA41A,G290V,0
5508,TA41A,G290W,0
5509,TA41A,G290Y,0
5510,TA41A,G291A,0
5511,TA41A,G291C,0
5512,TA41A,G291D,0
5513,TA41A,G291E,0
5514,TA41A,G291F,0
5515,TA41A,G291H,0
5516,TA41A,G291I,0
5517,TA41A,G291K,0
5518,TA41A,G291L,0
5519,TA41A,G291M,0
5520,TA41A,G291N,0
5521,TA41A,G291P,0
5522,TA41A,G291Q,0
5523,TA41A,G291R,0
5524,TA41A,G291S,0
5525,TA41A,G291T,0
5526,TA41A,G291V,0
5527,TA41A,G291W,0
5528,TA41A,G291Y,0
5529,TA41A,Q292A,0
5530,TA41A,Q292C,0
5531,TA41A,Q292D,0
5532,TA41A,Q292E,0
5533,TA41A,Q292F,0
5534,TA41A,Q292G,0
5535,TA41A,Q292H,0
5536,TA41A,Q292I,0
5537,TA41A,Q292K,0
5538,TA41A,Q292L,0
5539,TA41A,Q292M,0
5540,TA41A,Q292N,0
5541,TA41A,Q292P,0
5542,TA41A,Q292R,0
5543,TA41A,Q292S,0
5544,TA41A,Q292T,0
5545,TA41A,Q292V,0
5546,TA41A,Q292W,0
5547,TA41A,Q292Y,0
5548,TA41A,V293A,0
5549,TA41A,V293C,0
5550,TA41A,V293D,0
5551,TA41A,V293E,0
5552,TA41A,V293F,0
5553,TA41A,V293G,0
5554,TA41A,V293H,0
5555,TA41A,V293I,0
5556,TA41A,V293K,0
5557,TA41A,V293L,0
5558,TA41A,V293M,0
5559,TA41A,V293N,0
5560,TA41A,V293P,0
5561,TA41A,V293Q,0
5562,TA41A,V293R,0
5563,TA41A,V293S,0
5564,TA41A,V293T,0
5565,TA41A,V293W,0
5566,TA41A,V293Y,0
5567,TA41A,G294A,0
5568,TA41A,G294C,0
5569,TA41A,G294D,0
5570,TA41A,G294E,0
5571,TA41A,G294F,0
5572,TA41A,G294H,0
5573,TA41A,G294I,0
5574,TA41A,G294K,0
5575,TA41A,G294L,0
5576,TA41A,G294M,0
5577,TA41A,G294N,0
5578,TA41A,G294P,0
5579,TA41A,G294Q,0
5580,TA41A,G294R,0
5581,TA41A,G294S,0
5582,TA41A,G294T,0
5583,TA41A,G294V,0
5584,TA41A,G294W,0
5585,TA41A,G294Y,0
5586,TA41A,P295A,0
5587,TA41A,P295C,0
5588,TA41A,P295D,0
5589,TA41A,P295E,0
5590,TA41A,P295F,0
5591,TA41A,P295G,0
5592,TA41A,P295H,0
5593,TA41A,P295I,0
5594,TA41A,P295K,0
5595,TA41A,P295L,0
5596,TA41A,P295M,0
5597,TA41A,P295N,0
5598,TA41A,P295Q,0
5599,TA41A,P295R,0
5600,TA41A,P295S,0
5601,TA41A,P295T,0
5602,TA41A,P295V,0
5603,TA41A,P295W,0
5604,TA41A,P295Y,0
5605,TA41A,I296A,0
5606,TA41A,I296C,0
5607,TA41A,I296D,0
5608,TA41A,I296E,0
5609,TA41A,I296F,0
5610,TA41A,I296G,0
5611,TA41A,I296H,0
5612,TA41A,I296K,0
5613,TA41A,I296L,0
5614,TA41A,I296M,0
5615,TA41A,I296N,0
5616,TA41A,I296P,0
5617,TA41A,I296Q,0
5618,TA41A,I296R,0
5619,TA41A,I296S,0
5620,TA41A,I296T,0
5621,TA41A,I296V,0
5622,TA41A,I296W,0
5623,TA41A,I296Y,0
5624,TA41A,T297A,0
5625,TA41A,T297C,0
5626,TA41A,T297D,0
5627,TA41A,T297E,0
5628,TA41A,T297F,0
5629,TA41A,T297G,0
5630,TA41A,T297H,0
5631,TA41A,T297I,0
5632,TA41A,T297K,0
5633,TA41A,T297L,0
5634,TA41A,T297M,0
5635,TA41A,T297N,0
5636,TA41A,T297P,0
5637,TA41A,T297Q,0
5638,TA41A,T297R,0
5639,TA41A,T297S,0
5640,TA41A,T297V,0
5641,TA41A,T297W,0
5642,TA41A,T297Y,0
5643,TA41A,R298A,0
5644,TA41A,R298C,0
5645,TA41A,R298D,0
5646,TA41A,R298E,0
5647,TA41A,R298F,0
5648,TA41A,R298G,0
5649,TA41A,R298H,0
5650,TA41A,R298I,0
5651,TA41A,R298K,0
5652,TA41A,R298L,0
5653,TA41A,R298M,0
5654,TA41A,R298N,0
5655,TA41A,R298P,0
5656,TA41A,R298Q,0
5657,TA41A,R298S,0
5658,TA41A,R298T,0
5659,TA41A,R298V,0
5660,TA41A,R298W,0
5661,TA41A,R298Y,0
5662,TA41A,Q299A,0
5663,TA41A,Q299C,0
5664,TA41A,Q299D,0
5665,TA41A,Q299E,0
5666,TA41A,Q299F,0
5667,TA41A,Q299G,0
5668,TA41A,Q299H,0
5669,TA41A,Q299I,0
5670,TA41A,Q299K,0
5671,TA41A,Q299L,0
5672,TA41A,Q299M,0
5673,TA41A,Q299N,0
5674,TA41A,Q299P,0
5675,TA41A,Q299R,0
5676,TA41A,Q299S,0
5677,TA41A,Q299T,0
5678,TA41A,Q299V,0
5679,TA41A,Q299W,0
5680,TA41A,Q299Y,0
5681,TA41A,I300A,0
5682,TA41A,I300C,0
5683,TA41A,I300D,0
5684,TA41A,I300E,0
5685,TA41A,I300F,0
5686,TA41A,I300G,0
5687,TA41A,I300H,0
5688,TA41A,I300K,0
5689,TA41A,I300L,0
5690,TA41A,I300M,0
5691,TA41A,I300N,0
5692,TA41A,I300P,0
5693,TA41A,I300Q,0
5694,TA41A,I300R,0
5695,TA41A,I300S,0
5696,TA41A,I300T,0
5697,TA41A,I300V,0
5698,TA41A,I300W,0
5699,TA41A,I300Y,0
5700,TA41A,W301A,0
5701,TA41A,W301C,0
5702,TA41A,W301D,0
5703,TA41A,W301E,0
5704,TA41A,W301F,0
5705,TA41A,W301G,0
5706,TA41A,W301H,0
5707,TA41A,W301I,0
5708,TA41A,W301K,0
5709,TA41A,W301L,0
5710,TA41A,W301M,0
5711,TA41A,W301N,0
5712,TA41A,W301P,0
5713,TA41A,W301Q,0
5714,TA41A,W301R,0
5715,TA41A,W301S,0
5716,TA41A,W301T,0
5717,TA41A,W301V,0
5718,TA41A,W301Y,0
5719,TA41A,E302A,0
5720,TA41A,E302C,0
5721,TA41A,E302D,0
5722,TA41A,E302F,0
5723,TA41A,E302G,0
5724,TA41A,E302H,0
5725,TA41A,E302I,0
5726,TA41A,E302K,0
5727,TA41A,E302L,0
5728,TA41A,E302M,0
5729,TA41A,E302N,0
5730,TA41A,E302P,0
5731,TA41A,E302Q,0
5732,TA41A,E302R,0
5733,TA41A,E302S,0
5734,TA41A,E302T,0
5735,TA41A,E302V,0
5736,TA41A,E302W,0
5737,TA41A,E302Y,0
5738,TA41A,D303A,0
5739,TA41A,D303C,0
5740,TA41A,D303E,0
5741,TA41A,D303F,0
5742,TA41A,D303G,0
5743,TA41A,D303H,0
5744,TA41A,D303I,0
5745,TA41A,D303K,0
5746,TA41A,D303L,0
5747,TA41A,D303M,0
5748,TA41A,D303N,0
5749,TA41A,D303P,0
5750,TA41A,D303Q,0
5751,TA41A,D303R,0
5752,TA41A,D303S,0
5753,TA41A,D303T,0
5754,TA41A,D303V,0
5755,TA41A,D303W,0
5756,TA41A,D303Y,0
5757,TA41A,Y304A,0
5758,TA41A,Y304C,0
5759,TA41A,Y304D,0
5760,TA41A,Y304E,0
5761,TA41A,Y304F,0
5762,TA41A,Y304G,0
5763,TA41A,Y304H,0
5764,TA41A,Y304I,0
5765,TA41A,Y304K,0
5766,TA41A,Y304L,0
5767,TA41A,Y304M,0
5768,TA41A,Y304N,0
5769,TA41A,Y304P,0
5770,TA41A,Y304Q,0
5771,TA41A,Y304R,0
5772,TA41A,Y304S,0
5773,TA41A,Y304T,0
5774,TA41A,Y304V,0
5775,TA41A,Y304W,0
5776,TA41A,W305A,0
5777,TA41A,W305C,0
5778,TA41A,W305D,0
5779,TA41A,W305E,0
5780,TA41A,W305F,0
5781,TA41A,W305G,0
5782,TA41A,W305H,0
5783,TA41A,W305I,0
5784,TA41A,W305K,0
5785,TA41A,W305L,0
5786,TA41A,W305M,0
5787,TA41A,W305N,0
5788,TA41A,W305P,0
5789,TA41A,W305Q,0
5790,TA41A,W305R,0
5791,TA41A,W305S,0
5792,TA41A,W305T,0
5793,TA41A,W305V,0
5794,TA41A,W305Y,0
5795,TA41A,D306A,0
5796,TA41A,D306C,0
5797,TA41A,D306E,0
5798,TA41A,D306F,0
5799,TA41A,D306G,0
5800,TA41A,D306H,0
5801,TA41A,D306I,0
5802,TA41A,D306K,0
5803,TA41A,D306L,0
5804,TA41A,D306M,0
5805,TA41A,D306N,0
5806,TA41A,D306P,0
5807,TA41A,D306Q,0
5808,TA41A,D306R,0
5809,TA41A,D306S,0
5810,TA41A,D306T,0
5811,TA41A,D306V,0
5812,TA41A,D306W,0
5813,TA41A,D306Y,0
5814,TA41A,L307A,0
5815,TA41A,L307C,0
5816,TA41A,L307D,0
5817,TA41A,L307E,0
5818,TA41A,L307F,0
5819,TA41A,L307G,0
5820,TA41A,L307H,0
5821,TA41A,L307I,0
5822,TA41A,L307K,0
5823,TA41A,L307M,0
5824,TA41A,L307N,0
5825,TA41A,L307P,0
5826,TA41A,L307Q,0
5827,TA41A,L307R,0
5828,TA41A,L307S,0
5829,TA41A,L307T,0
5830,TA41A,L307V,0
5831,TA41A,L307W,0
5832,TA41A,L307Y,0
5833,TA41A,H308A,0
5834,TA41A,H308C,0
5835,TA41A,H308D,0
5836,TA41A,H308E,0
5837,TA41A,H308F,0
5838,TA41A,H308G,0
5839,TA41A,H308I,0
5840,TA41A,H308K,0
5841,TA41A,H308L,0
5842,TA41A,H308M,0
5843,TA41A,H308N,0
5844,TA41A,H308P,0
5845,TA41A,H308Q,0
5846,TA41A,H308R,0
5847,TA41A,H308S,0
5848,TA41A,H308T,0
5849,TA41A,H308V,0
5850,TA41A,H308W,0
5851,TA41A,H308Y,0
5852,TA41A,Y309A,0
5853,TA41A,Y309C,0
5854,TA41A,Y309D,0
5855,TA41A,Y309E,0
5856,TA41A,Y309F,0
5857,TA41A,Y309G,0
5858,TA41A,Y309H,0
5859,TA41A,Y309I,0
5860,TA41A,Y309K,0
5861,TA41A,Y309L,0
5862,TA41A,Y309M,0
5863,TA41A,Y309N,0
5864,TA41A,Y309P,0
5865,TA41A,Y309Q,0
5866,TA41A,Y309R,0
5867,TA41A,Y309S,0
5868,TA41A,Y309T,0
5869,TA41A,Y309V,0
5870,TA41A,Y309W,0
5871,TA41A,D310A,0
5872,TA41A,D310C,0
5873,TA41A,D310E,0
5874,TA41A,D310F,0
5875,TA41A,D310G,0
5876,TA41A,D310H,0
5877,TA41A,D310I,0
5878,TA41A,D310K,0
5879,TA41A,D310L,0
5880,TA41A,D310M,0
5881,TA41A,D310N,0
5882,TA41A,D310P,0
5883,TA41A,D310Q,0
5884,TA41A,D310R,0
5885,TA41A,D310S,0
5886,TA41A,D310T,0
5887,TA41A,D310V,0
5888,TA41A,D310W,0
5889,TA41A,D310Y,0
5890,TA41A,P311A,0
5891,TA41A,P311C,0
5892,TA41A,P311D,0
5893,TA41A,P311E,0
5894,TA41A,P311F,0
5895,TA41A,P311G,0
5896,TA41A,P311H,0
5897,TA41A,P311I,0
5898,TA41A,P311K,0
5899,TA41A,P311L,0
5900,TA41A,P311M,0
5901,TA41A,P311N,0
5902,TA41A,P311Q,0
5903,TA41A,P311R,0
5904,TA41A,P311S,0
5905,TA41A,P311T,0
5906,TA41A,P311V,0
5907,TA41A,P311W,0
5908,TA41A,P311Y,0
5909,TA41A,K312A,0
5910,TA41A,K312C,0
5911,TA41A,K312D,0
5912,TA41A,K312E,0
5913,TA41A,K312F,0
5914,TA41A,K312G,0
5915,TA41A,K312H,0
5916,TA41A,K312I,0
5917,TA41A,K312L,0
5918,TA41A,K312M,0
5919,TA41A,K312N,0
5920,TA41A,K312P,0
5921,TA41A,K312Q,0
5922,TA41A,K312R,0
5923,TA41A,K312S,0
5924,TA41A,K312T,0
5925,TA41A,K312V,0
5926,TA41A,K312W,0
5927,TA41A,K312Y,0
5928,TA41A,L313A,0
5929,TA41A,L313C,0
5930,TA41A,L313D,0
5931,TA41A,L313E,0
5932,TA41A,L313F,0
5933,TA41A,L313G,0
5934,TA41A,L313H,0
5935,TA41A,L313I,0
5936,TA41A,L313K,0
5937,TA41A,L313M,0
5938,TA41A,L313N,0
5939,TA41A,L313P,0
5940,TA41A,L313Q,0
5941,TA41A,L313R,0
5942,TA41A,L313S,0
5943,TA41A,L313T,0
5944,TA41A,L313V,0
5945,TA41A,L313W,0
5946,TA41A,L313Y,0
5947,TA41A,T314A,0
5948,TA41A,T314C,0
5949,TA41A,T314D,0
5950,TA41A,T314E,0
5951,TA41A,T314F,0
5952,TA41A,T314G,0
5953,TA41A,T314H,0
5954,TA41A,T314I,0
5955,TA41A,T314K,0
5956,TA41A,T314L,0
5957,TA41A,T314M,0
5958,TA41A,T314N,0
5959,TA41A,T314P,0
5960,TA41A,T314Q,0
5961,TA41A,T314R,0
5962,TA41A,T314S,0
5963,TA41A,T314V,0
5964,TA41A,T314W,0
5965,TA41A,T314Y,0
5966,TA41A,I315A,0
5967,TA41A,I315C,0
5968,TA41A,I315D,0
5969,TA41A,I315E,0
5970,TA41A,I315F,0
5971,TA41A,I315G,0
5972,TA41A,I315H,0
5973,TA41A,I315K,0
5974,TA41A,I315L,0
5975,TA41A,I315M,0
5976,TA41A,I315N,0
5977,TA41A,I315P,0
5978,TA41A,I315Q,0
5979,TA41A,I315R,0
5980,TA41A,I315S,0
5981,TA41A,I315T,0
5982,TA41A,I315V,0
5983,TA41A,I315W,0
5984,TA41A,I315Y,0
5985,TA41A,E316A,0
5986,TA41A,E316C,0
5987,TA41A,E316D,0
5988,TA41A,E316F,0
5989,TA41A,E316G,0
5990,TA41A,E316H,0
5991,TA41A,E316I,0
5992,TA41A,E316K,0
5993,TA41A,E316L,0
5994,TA41A,E316M,0
5995,TA41A,E316N,0
5996,TA41A,E316P,0
5997,TA41A,E316Q,0
5998,TA41A,E316R,0
5999,TA41A,E316S,0
6000,TA41A,E316T,0
6001,TA41A,E316V,0
6002,TA41A,E316W,0
6003,TA41A,E316Y,0
6004,TA41A,V317A,0
6005,TA41A,V317C,0
6006,TA41A,V317D,0
6007,TA41A,V317E,0
6008,TA41A,V317F,0
6009,TA41A,V317G,0
6010,TA41A,V317H,0
6011,TA41A,V317I,0
6012,TA41A,V317K,0
6013,TA41A,V317L,0
6014,TA41A,V317M,0
6015,TA41A,V317N,0
6016,TA41A,V317P,0
6017,TA41A,V317Q,0
6018,TA41A,V317R,0
6019,TA41A,V317S,0
6020,TA41A,V317T,0
6021,TA41A,V317W,0
6022,TA41A,V317Y,0
6023,TA41A,P318A,0
6024,TA41A,P318C,0
6025,TA41A,P318D,0
6026,TA41A,P318E,0
6027,TA41A,P318F,0
6028,TA41A,P318G,0
6029,TA41A,P318H,0
6030,TA41A,P318I,0
6031,TA41A,P318K,0
6032,TA41A,P318L,0
6033,TA41A,P318M,0
6034,TA41A,P318N,0
6035,TA41A,P318Q,0
6036,TA41A,P318R,0
6037,TA41A,P318S,0
6038,TA41A,P318T,0
6039,TA41A,P318V,0
6040,TA41A,P318W,0
6041,TA41A,P318Y,0
6042,TA41A,Y319A,0
6043,TA41A,Y319C,0
6044,TA41A,Y319D,0
6045,TA41A,Y319E,0
6046,TA41A,Y319F,0
6047,TA41A,Y319G,0
6048,TA41A,Y319H,0
6049,TA41A,Y319I,0
6050,TA41A,Y319K,0
6051,TA41A,Y319L,0
6052,TA41A,Y319M,0
6053,TA41A,Y319N,0
6054,TA41A,Y319P,0
6055,TA41A,Y319Q,0
6056,TA41A,Y319R,0
6057,TA41A,Y319S,0
6058,TA41A,Y319T,0
6059,TA41A,Y319V,0
6060,TA41A,Y319W,0
6061,TA41A,R320A,0
6062,TA41A,R320C,0
6063,TA41A,R320D,0
6064,TA41A,R320E,0
6065,TA41A,R320F,0
6066,TA41A,R320G,0
6067,TA41A,R320H,0
6068,TA41A,R320I,0
6069,TA41A,R320K,0
6070,TA41A,R320L,0
6071,TA41A,R320M,0
6072,TA41A,R320N,0
6073,TA41A,R320P,0
6074,TA41A,R320Q,0
6075,TA41A,R320S,0
6076,TA41A,R320T,0
6077,TA41A,R320V,0
6078,TA41A,R320W,0
6079,TA41A,R320Y,0
